model,reg,kernel,sm,dram,mem,occ,theo_occ,l2,dur,maxbw
lfm2.5-8b-a1b,agent_decode_b32,"void norm::RMSNormKernel<8, __nv_bfloat16>(T2 *, T2 *, T2 *, unsigned int, unsigned int, unsigned int, float, float)",1.83,1.02,1.69,12.28,100.0,59.28,3.04,1.69
lfm2.5-8b-a1b,agent_decode_b32,"void norm::RMSNormKernel<8, __nv_bfloat16>(T2 *, T2 *, T2 *, unsigned int, unsigned int, unsigned int, float, float)",1.83,1.02,1.69,12.28,100.0,59.28,3.04,1.69
lfm2.5-8b-a1b,agent_decode_b32,"void norm::RMSNormKernel<8, __nv_bfloat16>(T2 *, T2 *, T2 *, unsigned int, unsigned int, unsigned int, float, float)",1.83,1.02,1.69,12.28,100.0,59.28,3.04,1.69
lfm2.5-8b-a1b,agent_decode_b32,"void norm::RMSNormKernel<8, __nv_bfloat16>(T2 *, T2 *, T2 *, unsigned int, unsigned int, unsigned int, float, float)",1.83,1.02,1.69,12.28,100.0,59.28,3.04,1.69
lfm2.5-8b-a1b,agent_decode_b32,nvjet_tst_64x32_64x16_4x1_v_bz_TNT,8.05,50.82,50.82,14.13,18.75,10.32,10.4,50.82
lfm2.5-8b-a1b,agent_decode_b32,nvjet_tst_64x32_64x16_4x1_v_bz_TNT,8.05,50.82,50.82,14.13,18.75,10.32,10.4,50.82
lfm2.5-8b-a1b,agent_decode_b32,nvjet_tst_64x32_64x16_4x1_v_bz_TNT,8.05,50.82,50.82,14.13,18.75,10.32,10.4,50.82
lfm2.5-8b-a1b,agent_decode_b32,nvjet_tst_64x32_64x16_4x1_v_bz_TNT,8.05,50.82,50.82,14.13,18.75,10.32,10.4,50.82
lfm2.5-8b-a1b,agent_decode_b32,"void causal_conv1d_update_kernel<Causal_conv1d_update_kernel_traits<64, 3, c10::BFloat16, c10::BFloat16>, 0>(ConvParamsBase)",5.95,1.68,4.36,19.99,100.0,69.17,5.15,4.36
lfm2.5-8b-a1b,agent_decode_b32,"void causal_conv1d_update_kernel<Causal_conv1d_update_kernel_traits<64, 3, c10::BFloat16, c10::BFloat16>, 0>(ConvParamsBase)",5.95,1.68,4.36,19.99,100.0,69.17,5.15,4.36
lfm2.5-8b-a1b,agent_decode_b32,"void causal_conv1d_update_kernel<Causal_conv1d_update_kernel_traits<64, 3, c10::BFloat16, c10::BFloat16>, 0>(ConvParamsBase)",5.95,1.68,4.36,19.99,100.0,69.17,5.15,4.36
lfm2.5-8b-a1b,agent_decode_b32,"void causal_conv1d_update_kernel<Causal_conv1d_update_kernel_traits<64, 3, c10::BFloat16, c10::BFloat16>, 0>(ConvParamsBase)",5.95,1.68,4.36,19.99,100.0,69.17,5.15,4.36
lfm2.5-8b-a1b,agent_decode_b32,nvjet_tst_64x16_64x16_4x2_v_bz_TNT,7.58,24.38,24.38,14.08,18.75,11.53,7.3,24.38
lfm2.5-8b-a1b,agent_decode_b32,nvjet_tst_64x16_64x16_4x2_v_bz_TNT,7.58,24.38,24.38,14.08,18.75,11.53,7.3,24.38
lfm2.5-8b-a1b,agent_decode_b32,nvjet_tst_64x16_64x16_4x2_v_bz_TNT,7.58,24.38,24.38,14.08,18.75,11.53,7.3,24.38
lfm2.5-8b-a1b,agent_decode_b32,nvjet_tst_64x16_64x16_4x2_v_bz_TNT,7.58,24.38,24.38,14.08,18.75,11.53,7.3,24.38
lfm2.5-8b-a1b,agent_decode_b32,nvjet_tst_128x32_64x10_4x1_v_bz_TNT,10.1,68.08,68.08,14.23,18.75,6.93,18.85,68.08
lfm2.5-8b-a1b,agent_decode_b32,nvjet_tst_128x32_64x10_4x1_v_bz_TNT,10.1,68.08,68.08,14.23,18.75,6.93,18.85,68.08
lfm2.5-8b-a1b,agent_decode_b32,nvjet_tst_128x32_64x10_4x1_v_bz_TNT,10.1,68.08,68.08,14.23,18.75,6.93,18.85,68.08
lfm2.5-8b-a1b,agent_decode_b32,nvjet_tst_128x32_64x10_4x1_v_bz_TNT,10.1,68.08,68.08,14.23,18.75,6.93,18.85,68.08
lfm2.5-8b-a1b,agent_decode_b32,"void activation::act_and_mul_kernel<__nv_bfloat16, &silu<float>>(T1 *, const T1 *, int)",4.68,6.47,6.47,39.62,87.5,39.96,3.01,6.47
lfm2.5-8b-a1b,agent_decode_b32,"void activation::act_and_mul_kernel<__nv_bfloat16, &silu<float>>(T1 *, const T1 *, int)",4.68,6.47,6.47,39.62,87.5,39.96,3.01,6.47
lfm2.5-8b-a1b,agent_decode_b32,"void activation::act_and_mul_kernel<__nv_bfloat16, &silu<float>>(T1 *, const T1 *, int)",4.68,6.47,6.47,39.62,87.5,39.96,3.01,6.47
lfm2.5-8b-a1b,agent_decode_b32,"void activation::act_and_mul_kernel<__nv_bfloat16, &silu<float>>(T1 *, const T1 *, int)",4.68,6.47,6.47,39.62,87.5,39.96,3.01,6.47
lfm2.5-8b-a1b,agent_decode_b32,nvjet_tst_64x32_64x16_4x1_v_bz_splitK_TNT,8.11,52.81,52.81,13.89,18.75,10.66,12.03,52.81
lfm2.5-8b-a1b,agent_decode_b32,nvjet_tst_64x32_64x16_4x1_v_bz_splitK_TNT,8.11,52.81,52.81,13.89,18.75,10.66,12.03,52.81
lfm2.5-8b-a1b,agent_decode_b32,nvjet_tst_64x32_64x16_4x1_v_bz_splitK_TNT,8.11,52.81,52.81,13.89,18.75,10.66,12.03,52.81
lfm2.5-8b-a1b,agent_decode_b32,nvjet_tst_64x32_64x16_4x1_v_bz_splitK_TNT,8.11,52.81,52.81,13.89,18.75,10.66,12.03,52.81
lfm2.5-8b-a1b,agent_decode_b32,"void flashinfer::BatchQKApplyRotaryPosIdsCosSinCacheHeadParallelismKernel<0, 64, 8, 8, __nv_bfloat16, long>(T5 *, T5 *, T5 *, T5 *, float *, T6 *, unsigned int, unsigned int, unsigned int, unsigned int, unsigned long, unsigned long, unsigned long, unsigned long, unsigned long, unsigned long, unsigned long, unsigned long)",1.32,1.0,1.58,5.0,75.0,58.87,3.58,1.58
lfm2.5-8b-a1b,agent_decode_b32,"void flashinfer::BatchQKApplyRotaryPosIdsCosSinCacheHeadParallelismKernel<0, 64, 8, 8, __nv_bfloat16, long>(T5 *, T5 *, T5 *, T5 *, float *, T6 *, unsigned int, unsigned int, unsigned int, unsigned int, unsigned long, unsigned long, unsigned long, unsigned long, unsigned long, unsigned long, unsigned long, unsigned long)",1.32,1.0,1.58,5.0,75.0,58.87,3.58,1.58
lfm2.5-8b-a1b,agent_decode_b32,"void flashinfer::BatchQKApplyRotaryPosIdsCosSinCacheHeadParallelismKernel<0, 64, 8, 8, __nv_bfloat16, long>(T5 *, T5 *, T5 *, T5 *, float *, T6 *, unsigned int, unsigned int, unsigned int, unsigned int, unsigned long, unsigned long, unsigned long, unsigned long, unsigned long, unsigned long, unsigned long, unsigned long)",1.32,1.0,1.58,5.0,75.0,58.87,3.58,1.58
lfm2.5-8b-a1b,agent_decode_b32,"void flashinfer::BatchQKApplyRotaryPosIdsCosSinCacheHeadParallelismKernel<0, 64, 8, 8, __nv_bfloat16, long>(T5 *, T5 *, T5 *, T5 *, float *, T6 *, unsigned int, unsigned int, unsigned int, unsigned int, unsigned long, unsigned long, unsigned long, unsigned long, unsigned long, unsigned long, unsigned long, unsigned long)",1.32,1.0,1.58,5.0,75.0,58.87,3.58,1.58
lfm2.5-8b-a1b,agent_decode_b32,"void flash::prepare_varlen_num_blocks_kernel<2, 1>(int, int, int, const int *, const int *, const int *, const int *, const int *, const int *, int, int, int, int, int, cutlass::FastDivmod, cutlass::FastDivmod, int *, int *, int *, int *, int *, bool, bool, bool, int)",0.03,0.04,0.25,3.18,100.0,54.88,5.28,0.25
lfm2.5-8b-a1b,agent_decode_b32,"void flash::prepare_varlen_num_blocks_kernel<2, 1>(int, int, int, const int *, const int *, const int *, const int *, const int *, const int *, int, int, int, int, int, cutlass::FastDivmod, cutlass::FastDivmod, int *, int *, int *, int *, int *, bool, bool, bool, int)",0.03,0.04,0.25,3.18,100.0,54.88,5.28,0.25
lfm2.5-8b-a1b,agent_decode_b32,"void flash::prepare_varlen_num_blocks_kernel<2, 1>(int, int, int, const int *, const int *, const int *, const int *, const int *, const int *, int, int, int, int, int, cutlass::FastDivmod, cutlass::FastDivmod, int *, int *, int *, int *, int *, bool, bool, bool, int)",0.03,0.04,0.25,3.18,100.0,54.88,5.28,0.25
lfm2.5-8b-a1b,agent_decode_b32,"void flash::prepare_varlen_num_blocks_kernel<2, 1>(int, int, int, const int *, const int *, const int *, const int *, const int *, const int *, int, int, int, int, int, cutlass::FastDivmod, cutlass::FastDivmod, int *, int *, int *, int *, int *, bool, bool, bool, int)",0.03,0.04,0.25,3.18,100.0,54.88,5.28,0.25
lfm2.5-8b-a1b,agent_decode_b32,"void cutlass::device_kernel<flash::enable_sm90_or_later<flash::FlashAttnFwdSm90<flash::CollectiveMainloopFwdSm90<2, cute::tuple<cute::C<1>, cute::C<1>, cute::C<1>>, cute::tuple<cute::C<192>, cute::C<128>, cute::C<64>>, 64, cutlass::bfloat16_t, float, arch::Sm90, 0, 0, 0, 1, 1, 0, 0, 1, 1, 1, 1, 0, cutlass::bfloat16_t>, flash::CollectiveEpilogueFwd<cute::tuple<cute::C<192>, cute::C<64>, cute::C<128>>, cute::tuple<cute::C<1>, cute::C<1>, cute::C<1>>, cutlass::bfloat16_t, arch::Sm90, 384, 1, 1, 1, 0>, flash::VarlenDynamicPersistentTileScheduler<192, 128, 384, 128, 1, 1, 1, 0, 1, 1>>>>(T1::Params)",45.81,45.13,45.13,24.88,25.0,4.11,84.32,45.13
lfm2.5-8b-a1b,agent_decode_b32,"void cutlass::device_kernel<flash::enable_sm90_or_later<flash::FlashAttnFwdSm90<flash::CollectiveMainloopFwdSm90<2, cute::tuple<cute::C<1>, cute::C<1>, cute::C<1>>, cute::tuple<cute::C<192>, cute::C<128>, cute::C<64>>, 64, cutlass::bfloat16_t, float, arch::Sm90, 0, 0, 0, 1, 1, 0, 0, 1, 1, 1, 1, 0, cutlass::bfloat16_t>, flash::CollectiveEpilogueFwd<cute::tuple<cute::C<192>, cute::C<64>, cute::C<128>>, cute::tuple<cute::C<1>, cute::C<1>, cute::C<1>>, cutlass::bfloat16_t, arch::Sm90, 384, 1, 1, 1, 0>, flash::VarlenDynamicPersistentTileScheduler<192, 128, 384, 128, 1, 1, 1, 0, 1, 1>>>>(T1::Params)",45.81,45.13,45.13,24.88,25.0,4.11,84.32,45.13
lfm2.5-8b-a1b,agent_decode_b32,"void cutlass::device_kernel<flash::enable_sm90_or_later<flash::FlashAttnFwdSm90<flash::CollectiveMainloopFwdSm90<2, cute::tuple<cute::C<1>, cute::C<1>, cute::C<1>>, cute::tuple<cute::C<192>, cute::C<128>, cute::C<64>>, 64, cutlass::bfloat16_t, float, arch::Sm90, 0, 0, 0, 1, 1, 0, 0, 1, 1, 1, 1, 0, cutlass::bfloat16_t>, flash::CollectiveEpilogueFwd<cute::tuple<cute::C<192>, cute::C<64>, cute::C<128>>, cute::tuple<cute::C<1>, cute::C<1>, cute::C<1>>, cutlass::bfloat16_t, arch::Sm90, 384, 1, 1, 1, 0>, flash::VarlenDynamicPersistentTileScheduler<192, 128, 384, 128, 1, 1, 1, 0, 1, 1>>>>(T1::Params)",45.81,45.13,45.13,24.88,25.0,4.11,84.32,45.13
lfm2.5-8b-a1b,agent_decode_b32,"void cutlass::device_kernel<flash::enable_sm90_or_later<flash::FlashAttnFwdSm90<flash::CollectiveMainloopFwdSm90<2, cute::tuple<cute::C<1>, cute::C<1>, cute::C<1>>, cute::tuple<cute::C<192>, cute::C<128>, cute::C<64>>, 64, cutlass::bfloat16_t, float, arch::Sm90, 0, 0, 0, 1, 1, 0, 0, 1, 1, 1, 1, 0, cutlass::bfloat16_t>, flash::CollectiveEpilogueFwd<cute::tuple<cute::C<192>, cute::C<64>, cute::C<128>>, cute::tuple<cute::C<1>, cute::C<1>, cute::C<1>>, cutlass::bfloat16_t, arch::Sm90, 384, 1, 1, 1, 0>, flash::VarlenDynamicPersistentTileScheduler<192, 128, 384, 128, 1, 1, 1, 0, 1, 1>>>>(T1::Params)",45.81,45.13,45.13,24.88,25.0,4.11,84.32,45.13
lfm2.5-8b-a1b,agent_decode_b32,"void cutlass::device_kernel<flash::FlashAttnFwdCombine<cute::tuple<cute::C<16>, cute::C<64>>, 4, 256, 1, 0, 1, cutlass::bfloat16_t, float, arch::Sm90>>(T1::Params)",2.54,0.14,0.72,8.92,62.5,56.58,2.18,0.64
lfm2.5-8b-a1b,agent_decode_b32,"void cutlass::device_kernel<flash::FlashAttnFwdCombine<cute::tuple<cute::C<16>, cute::C<64>>, 4, 256, 1, 0, 1, cutlass::bfloat16_t, float, arch::Sm90>>(T1::Params)",2.54,0.14,0.72,8.92,62.5,56.58,2.18,0.64
lfm2.5-8b-a1b,agent_decode_b32,"void cutlass::device_kernel<flash::FlashAttnFwdCombine<cute::tuple<cute::C<16>, cute::C<64>>, 4, 256, 1, 0, 1, cutlass::bfloat16_t, float, arch::Sm90>>(T1::Params)",2.54,0.14,0.72,8.92,62.5,56.58,2.18,0.64
lfm2.5-8b-a1b,agent_decode_b32,"void cutlass::device_kernel<flash::FlashAttnFwdCombine<cute::tuple<cute::C<16>, cute::C<64>>, 4, 256, 1, 0, 1, cutlass::bfloat16_t, float, arch::Sm90>>(T1::Params)",2.54,0.14,0.72,8.92,62.5,56.58,2.18,0.64
lfm2.5-8b-a1b,agent_decode_b64,"void norm::RMSNormKernel<8, __nv_bfloat16>(T2 *, T2 *, T2 *, unsigned int, unsigned int, unsigned int, float, float)",3.43,1.8,2.73,11.0,100.0,60.37,3.23,2.73
lfm2.5-8b-a1b,agent_decode_b64,"void norm::RMSNormKernel<8, __nv_bfloat16>(T2 *, T2 *, T2 *, unsigned int, unsigned int, unsigned int, float, float)",3.43,1.8,2.73,11.0,100.0,60.37,3.23,2.73
lfm2.5-8b-a1b,agent_decode_b64,"void norm::RMSNormKernel<8, __nv_bfloat16>(T2 *, T2 *, T2 *, unsigned int, unsigned int, unsigned int, float, float)",3.43,1.8,2.73,11.0,100.0,60.37,3.23,2.73
lfm2.5-8b-a1b,agent_decode_b64,"void norm::RMSNormKernel<8, __nv_bfloat16>(T2 *, T2 *, T2 *, unsigned int, unsigned int, unsigned int, float, float)",3.43,1.8,2.73,11.0,100.0,60.37,3.23,2.73
lfm2.5-8b-a1b,agent_decode_b64,nvjet_tst_64x64_64x13_4x1_v_bz_TNT,16.17,52.29,52.29,14.09,18.75,17.16,10.18,52.29
lfm2.5-8b-a1b,agent_decode_b64,nvjet_tst_64x64_64x13_4x1_v_bz_TNT,16.17,52.29,52.29,14.09,18.75,17.16,10.18,52.29
lfm2.5-8b-a1b,agent_decode_b64,nvjet_tst_64x64_64x13_4x1_v_bz_TNT,16.17,52.29,52.29,14.09,18.75,17.16,10.18,52.29
lfm2.5-8b-a1b,agent_decode_b64,nvjet_tst_64x64_64x13_4x1_v_bz_TNT,16.17,52.29,52.29,14.09,18.75,17.16,10.18,52.29
lfm2.5-8b-a1b,agent_decode_b64,"void causal_conv1d_update_kernel<Causal_conv1d_update_kernel_traits<64, 3, c10::BFloat16, c10::BFloat16>, 0>(ConvParamsBase)",10.26,2.88,7.43,35.86,100.0,69.25,5.86,7.43
lfm2.5-8b-a1b,agent_decode_b64,"void causal_conv1d_update_kernel<Causal_conv1d_update_kernel_traits<64, 3, c10::BFloat16, c10::BFloat16>, 0>(ConvParamsBase)",10.26,2.88,7.43,35.86,100.0,69.25,5.86,7.43
lfm2.5-8b-a1b,agent_decode_b64,"void causal_conv1d_update_kernel<Causal_conv1d_update_kernel_traits<64, 3, c10::BFloat16, c10::BFloat16>, 0>(ConvParamsBase)",10.26,2.88,7.43,35.86,100.0,69.25,5.86,7.43
lfm2.5-8b-a1b,agent_decode_b64,"void causal_conv1d_update_kernel<Causal_conv1d_update_kernel_traits<64, 3, c10::BFloat16, c10::BFloat16>, 0>(ConvParamsBase)",10.26,2.88,7.43,35.86,100.0,69.25,5.86,7.43
lfm2.5-8b-a1b,agent_decode_b64,nvjet_tst_24x64_64x16_4x1_v_bz_TNN,10.1,23.88,23.88,14.31,18.75,34.18,7.58,23.88
lfm2.5-8b-a1b,agent_decode_b64,nvjet_tst_24x64_64x16_4x1_v_bz_TNN,10.1,23.88,23.88,14.31,18.75,34.18,7.58,23.88
lfm2.5-8b-a1b,agent_decode_b64,nvjet_tst_24x64_64x16_4x1_v_bz_TNN,10.1,23.88,23.88,14.31,18.75,34.18,7.58,23.88
lfm2.5-8b-a1b,agent_decode_b64,nvjet_tst_24x64_64x16_4x1_v_bz_TNN,10.1,23.88,23.88,14.31,18.75,34.18,7.58,23.88
lfm2.5-8b-a1b,agent_decode_b64,nvjet_tst_144x64_64x8_4x1_v_bz_TNN,19.1,64.29,64.29,13.73,18.75,10.31,20.16,64.29
lfm2.5-8b-a1b,agent_decode_b64,nvjet_tst_144x64_64x8_4x1_v_bz_TNN,19.1,64.29,64.29,13.73,18.75,10.31,20.16,64.29
lfm2.5-8b-a1b,agent_decode_b64,nvjet_tst_144x64_64x8_4x1_v_bz_TNN,19.1,64.29,64.29,13.73,18.75,10.31,20.16,64.29
lfm2.5-8b-a1b,agent_decode_b64,nvjet_tst_144x64_64x8_4x1_v_bz_TNN,19.1,64.29,64.29,13.73,18.75,10.31,20.16,64.29
lfm2.5-8b-a1b,agent_decode_b64,"void activation::act_and_mul_kernel<__nv_bfloat16, &silu<float>>(T1 *, const T1 *, int)",8.95,12.29,12.29,38.63,87.5,37.94,3.17,12.29
lfm2.5-8b-a1b,agent_decode_b64,"void activation::act_and_mul_kernel<__nv_bfloat16, &silu<float>>(T1 *, const T1 *, int)",8.95,12.29,12.29,38.63,87.5,37.94,3.17,12.29
lfm2.5-8b-a1b,agent_decode_b64,"void activation::act_and_mul_kernel<__nv_bfloat16, &silu<float>>(T1 *, const T1 *, int)",8.95,12.29,12.29,38.63,87.5,37.94,3.17,12.29
lfm2.5-8b-a1b,agent_decode_b64,"void activation::act_and_mul_kernel<__nv_bfloat16, &silu<float>>(T1 *, const T1 *, int)",8.95,12.29,12.29,38.63,87.5,37.94,3.17,12.29
lfm2.5-8b-a1b,agent_decode_b64,nvjet_tst_64x64_64x13_4x1_v_bz_splitK_TNT,15.66,52.01,52.01,14.0,18.75,17.48,12.48,52.01
lfm2.5-8b-a1b,agent_decode_b64,nvjet_tst_64x64_64x13_4x1_v_bz_splitK_TNT,15.66,52.01,52.01,14.0,18.75,17.48,12.48,52.01
lfm2.5-8b-a1b,agent_decode_b64,nvjet_tst_64x64_64x13_4x1_v_bz_splitK_TNT,15.66,52.01,52.01,14.0,18.75,17.48,12.48,52.01
lfm2.5-8b-a1b,agent_decode_b64,nvjet_tst_64x64_64x13_4x1_v_bz_splitK_TNT,15.66,52.01,52.01,14.0,18.75,17.48,12.48,52.01
lfm2.5-8b-a1b,agent_decode_b64,nvjet_tst_64x32_64x16_4x2_v_bz_TNT,10.06,32.24,32.24,13.07,18.75,18.14,8.32,32.24
lfm2.5-8b-a1b,agent_decode_b64,nvjet_tst_64x32_64x16_4x2_v_bz_TNT,10.06,32.24,32.24,13.07,18.75,18.14,8.32,32.24
lfm2.5-8b-a1b,agent_decode_b64,nvjet_tst_64x32_64x16_4x2_v_bz_TNT,10.06,32.24,32.24,13.07,18.75,18.14,8.32,32.24
lfm2.5-8b-a1b,agent_decode_b64,nvjet_tst_64x32_64x16_4x2_v_bz_TNT,10.06,32.24,32.24,13.07,18.75,18.14,8.32,32.24
lfm2.5-8b-a1b,agent_decode_b64,"void flashinfer::BatchQKApplyRotaryPosIdsCosSinCacheHeadParallelismKernel<0, 64, 8, 8, __nv_bfloat16, long>(T5 *, T5 *, T5 *, T5 *, float *, T6 *, unsigned int, unsigned int, unsigned int, unsigned int, unsigned long, unsigned long, unsigned long, unsigned long, unsigned long, unsigned long, unsigned long, unsigned long)",2.68,1.98,3.01,7.15,75.0,58.28,3.55,3.01
lfm2.5-8b-a1b,agent_decode_b64,"void flashinfer::BatchQKApplyRotaryPosIdsCosSinCacheHeadParallelismKernel<0, 64, 8, 8, __nv_bfloat16, long>(T5 *, T5 *, T5 *, T5 *, float *, T6 *, unsigned int, unsigned int, unsigned int, unsigned int, unsigned long, unsigned long, unsigned long, unsigned long, unsigned long, unsigned long, unsigned long, unsigned long)",2.68,1.98,3.01,7.15,75.0,58.28,3.55,3.01
lfm2.5-8b-a1b,agent_decode_b64,"void flashinfer::BatchQKApplyRotaryPosIdsCosSinCacheHeadParallelismKernel<0, 64, 8, 8, __nv_bfloat16, long>(T5 *, T5 *, T5 *, T5 *, float *, T6 *, unsigned int, unsigned int, unsigned int, unsigned int, unsigned long, unsigned long, unsigned long, unsigned long, unsigned long, unsigned long, unsigned long, unsigned long)",2.68,1.98,3.01,7.15,75.0,58.28,3.55,3.01
lfm2.5-8b-a1b,agent_decode_b64,"void flashinfer::BatchQKApplyRotaryPosIdsCosSinCacheHeadParallelismKernel<0, 64, 8, 8, __nv_bfloat16, long>(T5 *, T5 *, T5 *, T5 *, float *, T6 *, unsigned int, unsigned int, unsigned int, unsigned int, unsigned long, unsigned long, unsigned long, unsigned long, unsigned long, unsigned long, unsigned long, unsigned long)",2.68,1.98,3.01,7.15,75.0,58.28,3.55,3.01
lfm2.5-8b-a1b,agent_decode_b64,"void flash::prepare_varlen_num_blocks_kernel<4, 1>(int, int, int, const int *, const int *, const int *, const int *, const int *, const int *, int, int, int, int, int, cutlass::FastDivmod, cutlass::FastDivmod, int *, int *, int *, int *, int *, bool, bool, bool, int)",0.06,0.03,0.28,6.17,100.0,62.88,5.7,0.28
lfm2.5-8b-a1b,agent_decode_b64,"void flash::prepare_varlen_num_blocks_kernel<4, 1>(int, int, int, const int *, const int *, const int *, const int *, const int *, const int *, int, int, int, int, int, cutlass::FastDivmod, cutlass::FastDivmod, int *, int *, int *, int *, int *, bool, bool, bool, int)",0.06,0.03,0.28,6.17,100.0,62.88,5.7,0.28
lfm2.5-8b-a1b,agent_decode_b64,"void flash::prepare_varlen_num_blocks_kernel<4, 1>(int, int, int, const int *, const int *, const int *, const int *, const int *, const int *, int, int, int, int, int, cutlass::FastDivmod, cutlass::FastDivmod, int *, int *, int *, int *, int *, bool, bool, bool, int)",0.06,0.03,0.28,6.17,100.0,62.88,5.7,0.28
lfm2.5-8b-a1b,agent_decode_b64,"void flash::prepare_varlen_num_blocks_kernel<4, 1>(int, int, int, const int *, const int *, const int *, const int *, const int *, const int *, int, int, int, int, int, cutlass::FastDivmod, cutlass::FastDivmod, int *, int *, int *, int *, int *, bool, bool, bool, int)",0.06,0.03,0.28,6.17,100.0,62.88,5.7,0.28
lfm2.5-8b-a1b,agent_decode_b64,"void cutlass::device_kernel<flash::enable_sm90_or_later<flash::FlashAttnFwdSm90<flash::CollectiveMainloopFwdSm90<2, cute::tuple<cute::C<1>, cute::C<1>, cute::C<1>>, cute::tuple<cute::C<192>, cute::C<128>, cute::C<64>>, 64, cutlass::bfloat16_t, float, arch::Sm90, 0, 0, 0, 1, 1, 0, 0, 1, 1, 1, 1, 0, cutlass::bfloat16_t>, flash::CollectiveEpilogueFwd<cute::tuple<cute::C<192>, cute::C<64>, cute::C<128>>, cute::tuple<cute::C<1>, cute::C<1>, cute::C<1>>, cutlass::bfloat16_t, arch::Sm90, 384, 1, 1, 1, 0>, flash::VarlenDynamicPersistentTileScheduler<192, 128, 384, 128, 1, 1, 1, 0, 1, 1>>>>(T1::Params)",48.45,46.5,46.5,25.06,25.0,3.21,161.82,46.5
lfm2.5-8b-a1b,agent_decode_b64,"void cutlass::device_kernel<flash::enable_sm90_or_later<flash::FlashAttnFwdSm90<flash::CollectiveMainloopFwdSm90<2, cute::tuple<cute::C<1>, cute::C<1>, cute::C<1>>, cute::tuple<cute::C<192>, cute::C<128>, cute::C<64>>, 64, cutlass::bfloat16_t, float, arch::Sm90, 0, 0, 0, 1, 1, 0, 0, 1, 1, 1, 1, 0, cutlass::bfloat16_t>, flash::CollectiveEpilogueFwd<cute::tuple<cute::C<192>, cute::C<64>, cute::C<128>>, cute::tuple<cute::C<1>, cute::C<1>, cute::C<1>>, cutlass::bfloat16_t, arch::Sm90, 384, 1, 1, 1, 0>, flash::VarlenDynamicPersistentTileScheduler<192, 128, 384, 128, 1, 1, 1, 0, 1, 1>>>>(T1::Params)",48.45,46.5,46.5,25.06,25.0,3.21,161.82,46.5
lfm2.5-8b-a1b,agent_decode_b64,"void cutlass::device_kernel<flash::enable_sm90_or_later<flash::FlashAttnFwdSm90<flash::CollectiveMainloopFwdSm90<2, cute::tuple<cute::C<1>, cute::C<1>, cute::C<1>>, cute::tuple<cute::C<192>, cute::C<128>, cute::C<64>>, 64, cutlass::bfloat16_t, float, arch::Sm90, 0, 0, 0, 1, 1, 0, 0, 1, 1, 1, 1, 0, cutlass::bfloat16_t>, flash::CollectiveEpilogueFwd<cute::tuple<cute::C<192>, cute::C<64>, cute::C<128>>, cute::tuple<cute::C<1>, cute::C<1>, cute::C<1>>, cutlass::bfloat16_t, arch::Sm90, 384, 1, 1, 1, 0>, flash::VarlenDynamicPersistentTileScheduler<192, 128, 384, 128, 1, 1, 1, 0, 1, 1>>>>(T1::Params)",48.45,46.5,46.5,25.06,25.0,3.21,161.82,46.5
lfm2.5-8b-a1b,agent_decode_b64,"void cutlass::device_kernel<flash::enable_sm90_or_later<flash::FlashAttnFwdSm90<flash::CollectiveMainloopFwdSm90<2, cute::tuple<cute::C<1>, cute::C<1>, cute::C<1>>, cute::tuple<cute::C<192>, cute::C<128>, cute::C<64>>, 64, cutlass::bfloat16_t, float, arch::Sm90, 0, 0, 0, 1, 1, 0, 0, 1, 1, 1, 1, 0, cutlass::bfloat16_t>, flash::CollectiveEpilogueFwd<cute::tuple<cute::C<192>, cute::C<64>, cute::C<128>>, cute::tuple<cute::C<1>, cute::C<1>, cute::C<1>>, cutlass::bfloat16_t, arch::Sm90, 384, 1, 1, 1, 0>, flash::VarlenDynamicPersistentTileScheduler<192, 128, 384, 128, 1, 1, 1, 0, 1, 1>>>>(T1::Params)",48.45,46.5,46.5,25.06,25.0,3.21,161.82,46.5
lfm2.5-8b-a1b,agent_decode_b64,"void cutlass::device_kernel<flash::FlashAttnFwdCombine<cute::tuple<cute::C<16>, cute::C<64>>, 4, 256, 1, 0, 1, cutlass::bfloat16_t, float, arch::Sm90>>(T1::Params)",4.58,0.12,0.65,11.41,62.5,59.18,2.43,0.65
lfm2.5-8b-a1b,agent_decode_b64,"void cutlass::device_kernel<flash::FlashAttnFwdCombine<cute::tuple<cute::C<16>, cute::C<64>>, 4, 256, 1, 0, 1, cutlass::bfloat16_t, float, arch::Sm90>>(T1::Params)",4.58,0.12,0.65,11.41,62.5,59.18,2.43,0.65
lfm2.5-8b-a1b,agent_decode_b64,"void cutlass::device_kernel<flash::FlashAttnFwdCombine<cute::tuple<cute::C<16>, cute::C<64>>, 4, 256, 1, 0, 1, cutlass::bfloat16_t, float, arch::Sm90>>(T1::Params)",4.58,0.12,0.65,11.41,62.5,59.18,2.43,0.65
lfm2.5-8b-a1b,agent_decode_b64,"void cutlass::device_kernel<flash::FlashAttnFwdCombine<cute::tuple<cute::C<16>, cute::C<64>>, 4, 256, 1, 0, 1, cutlass::bfloat16_t, float, arch::Sm90>>(T1::Params)",4.58,0.12,0.65,11.41,62.5,59.18,2.43,0.65
lfm2.5-8b-a1b,agent_prefill_b1,"void norm::RMSNormKernel<8, __nv_bfloat16>(T2 *, T2 *, T2 *, unsigned int, unsigned int, unsigned int, float, float)",47.69,23.71,28.43,81.18,100.0,52.46,9.73,28.43
lfm2.5-8b-a1b,agent_prefill_b1,"void norm::RMSNormKernel<8, __nv_bfloat16>(T2 *, T2 *, T2 *, unsigned int, unsigned int, unsigned int, float, float)",47.69,23.71,28.43,81.18,100.0,52.46,9.73,28.43
lfm2.5-8b-a1b,agent_prefill_b1,"void norm::RMSNormKernel<8, __nv_bfloat16>(T2 *, T2 *, T2 *, unsigned int, unsigned int, unsigned int, float, float)",47.69,23.71,28.43,81.18,100.0,52.46,9.73,28.43
lfm2.5-8b-a1b,agent_prefill_b1,"void norm::RMSNormKernel<8, __nv_bfloat16>(T2 *, T2 *, T2 *, unsigned int, unsigned int, unsigned int, float, float)",47.69,23.71,28.43,81.18,100.0,52.46,9.73,28.43
lfm2.5-8b-a1b,agent_prefill_b1,nvjet_tst_128x248_64x4_2x1_v_bz_coopA_TNT,87.08,13.15,58.16,14.66,18.75,87.0,91.04,55.49
lfm2.5-8b-a1b,agent_prefill_b1,nvjet_tst_128x248_64x4_2x1_v_bz_coopA_TNT,87.08,13.15,58.16,14.66,18.75,87.0,91.04,55.49
lfm2.5-8b-a1b,agent_prefill_b1,nvjet_tst_128x248_64x4_2x1_v_bz_coopA_TNT,87.08,13.15,58.16,14.66,18.75,87.0,91.04,55.49
lfm2.5-8b-a1b,agent_prefill_b1,nvjet_tst_128x248_64x4_2x1_v_bz_coopA_TNT,87.08,13.15,58.16,14.66,18.75,87.0,91.04,55.49
lfm2.5-8b-a1b,agent_prefill_b1,"void causal_conv1d_fwd_kernel<Causal_conv1d_fwd_kernel_traits<128, 3, 0, c10::BFloat16, c10::BFloat16>>(ConvParamsBase)",45.44,15.01,47.59,49.8,62.5,61.5,15.46,35.73
lfm2.5-8b-a1b,agent_prefill_b1,"void causal_conv1d_fwd_kernel<Causal_conv1d_fwd_kernel_traits<128, 3, 0, c10::BFloat16, c10::BFloat16>>(ConvParamsBase)",45.44,15.01,47.59,49.8,62.5,61.5,15.46,35.73
lfm2.5-8b-a1b,agent_prefill_b1,"void causal_conv1d_fwd_kernel<Causal_conv1d_fwd_kernel_traits<128, 3, 0, c10::BFloat16, c10::BFloat16>>(ConvParamsBase)",45.44,15.01,47.59,49.8,62.5,61.5,15.46,35.73
lfm2.5-8b-a1b,agent_prefill_b1,"void causal_conv1d_fwd_kernel<Causal_conv1d_fwd_kernel_traits<128, 3, 0, c10::BFloat16, c10::BFloat16>>(ConvParamsBase)",45.44,15.01,47.59,49.8,62.5,61.5,15.46,35.73
lfm2.5-8b-a1b,agent_prefill_b1,nvjet_tst_176x128_64x5_1x2_h_bz_TNN,81.67,13.86,57.7,14.1,18.75,82.93,31.84,55.74
lfm2.5-8b-a1b,agent_prefill_b1,nvjet_tst_176x128_64x5_1x2_h_bz_TNN,81.67,13.86,57.7,14.1,18.75,82.93,31.84,55.74
lfm2.5-8b-a1b,agent_prefill_b1,nvjet_tst_176x128_64x5_1x2_h_bz_TNN,81.67,13.86,57.7,14.1,18.75,82.93,31.84,55.74
lfm2.5-8b-a1b,agent_prefill_b1,nvjet_tst_176x128_64x5_1x2_h_bz_TNN,81.67,13.86,57.7,14.1,18.75,82.93,31.84,55.74
lfm2.5-8b-a1b,agent_prefill_b1,nvjet_tst_256x152_64x4_1x2_h_bz_coopA_TNT,86.21,17.35,64.54,14.72,18.75,83.33,211.94,61.83
lfm2.5-8b-a1b,agent_prefill_b1,nvjet_tst_256x152_64x4_1x2_h_bz_coopA_TNT,86.21,17.35,64.54,14.72,18.75,83.33,211.94,61.83
lfm2.5-8b-a1b,agent_prefill_b1,nvjet_tst_256x152_64x4_1x2_h_bz_coopA_TNT,86.21,17.35,64.54,14.72,18.75,83.33,211.94,61.83
lfm2.5-8b-a1b,agent_prefill_b1,nvjet_tst_256x152_64x4_1x2_h_bz_coopA_TNT,86.21,17.35,64.54,14.72,18.75,83.33,211.94,61.83
lfm2.5-8b-a1b,agent_prefill_b1,"void activation::act_and_mul_kernel<__nv_bfloat16, &silu<float>>(T1 *, const T1 *, int)",41.96,78.28,78.28,73.86,87.5,34.76,27.07,78.28
lfm2.5-8b-a1b,agent_prefill_b1,"void activation::act_and_mul_kernel<__nv_bfloat16, &silu<float>>(T1 *, const T1 *, int)",41.96,78.28,78.28,73.86,87.5,34.76,27.07,78.28
lfm2.5-8b-a1b,agent_prefill_b1,"void activation::act_and_mul_kernel<__nv_bfloat16, &silu<float>>(T1 *, const T1 *, int)",41.96,78.28,78.28,73.86,87.5,34.76,27.07,78.28
lfm2.5-8b-a1b,agent_prefill_b1,"void activation::act_and_mul_kernel<__nv_bfloat16, &silu<float>>(T1 *, const T1 *, int)",41.96,78.28,78.28,73.86,87.5,34.76,27.07,78.28
lfm2.5-8b-a1b,agent_prefill_b1,"void flashinfer::BatchQKApplyRotaryPosIdsCosSinCacheHeadParallelismKernel<0, 64, 8, 8, __nv_bfloat16, long>(T5 *, T5 *, T5 *, T5 *, float *, T6 *, unsigned int, unsigned int, unsigned int, unsigned int, unsigned long, unsigned long, unsigned long, unsigned long, unsigned long, unsigned long, unsigned long, unsigned long)",37.61,29.06,42.49,60.8,75.0,66.31,10.43,41.8
lfm2.5-8b-a1b,agent_prefill_b1,"void flashinfer::BatchQKApplyRotaryPosIdsCosSinCacheHeadParallelismKernel<0, 64, 8, 8, __nv_bfloat16, long>(T5 *, T5 *, T5 *, T5 *, float *, T6 *, unsigned int, unsigned int, unsigned int, unsigned int, unsigned long, unsigned long, unsigned long, unsigned long, unsigned long, unsigned long, unsigned long, unsigned long)",37.61,29.06,42.49,60.8,75.0,66.31,10.43,41.8
lfm2.5-8b-a1b,agent_prefill_b1,"void flashinfer::BatchQKApplyRotaryPosIdsCosSinCacheHeadParallelismKernel<0, 64, 8, 8, __nv_bfloat16, long>(T5 *, T5 *, T5 *, T5 *, float *, T6 *, unsigned int, unsigned int, unsigned int, unsigned int, unsigned long, unsigned long, unsigned long, unsigned long, unsigned long, unsigned long, unsigned long, unsigned long)",37.61,29.06,42.49,60.8,75.0,66.31,10.43,41.8
lfm2.5-8b-a1b,agent_prefill_b1,"void flashinfer::BatchQKApplyRotaryPosIdsCosSinCacheHeadParallelismKernel<0, 64, 8, 8, __nv_bfloat16, long>(T5 *, T5 *, T5 *, T5 *, float *, T6 *, unsigned int, unsigned int, unsigned int, unsigned int, unsigned long, unsigned long, unsigned long, unsigned long, unsigned long, unsigned long, unsigned long, unsigned long)",37.61,29.06,42.49,60.8,75.0,66.31,10.43,41.8
lfm2.5-8b-a1b,agent_prefill_b1,"void flash::prepare_varlen_num_blocks_kernel<1, 1>(int, int, int, const int *, const int *, const int *, const int *, const int *, const int *, int, int, int, int, int, cutlass::FastDivmod, cutlass::FastDivmod, int *, int *, int *, int *, int *, bool, bool, bool, int)",0.01,0.05,0.27,1.57,50.0,52.1,4.93,0.23
lfm2.5-8b-a1b,agent_prefill_b1,"void flash::prepare_varlen_num_blocks_kernel<1, 1>(int, int, int, const int *, const int *, const int *, const int *, const int *, const int *, int, int, int, int, int, cutlass::FastDivmod, cutlass::FastDivmod, int *, int *, int *, int *, int *, bool, bool, bool, int)",0.01,0.05,0.27,1.57,50.0,52.1,4.93,0.23
lfm2.5-8b-a1b,agent_prefill_b1,"void flash::prepare_varlen_num_blocks_kernel<1, 1>(int, int, int, const int *, const int *, const int *, const int *, const int *, const int *, int, int, int, int, int, cutlass::FastDivmod, cutlass::FastDivmod, int *, int *, int *, int *, int *, bool, bool, bool, int)",0.01,0.05,0.27,1.57,50.0,52.1,4.93,0.23
lfm2.5-8b-a1b,agent_prefill_b1,"void flash::prepare_varlen_num_blocks_kernel<1, 1>(int, int, int, const int *, const int *, const int *, const int *, const int *, const int *, int, int, int, int, int, cutlass::FastDivmod, cutlass::FastDivmod, int *, int *, int *, int *, int *, bool, bool, bool, int)",0.01,0.05,0.27,1.57,50.0,52.1,4.93,0.23
lfm2.5-8b-a1b,agent_prefill_b1,"void cutlass::device_kernel<flash::enable_sm90_or_later<flash::FlashAttnFwdSm90<flash::CollectiveMainloopFwdSm90<2, cute::tuple<cute::C<1>, cute::C<1>, cute::C<1>>, cute::tuple<cute::C<192>, cute::C<128>, cute::C<64>>, 64, cutlass::bfloat16_t, float, arch::Sm90, 1, 0, 0, 1, 1, 0, 0, 1, 1, 1, 0, 0, cutlass::bfloat16_t>, flash::CollectiveEpilogueFwd<cute::tuple<cute::C<192>, cute::C<64>, cute::C<128>>, cute::tuple<cute::C<1>, cute::C<1>, cute::C<1>>, cutlass::bfloat16_t, arch::Sm90, 384, 1, 1, 0, 0>, flash::VarlenDynamicPersistentTileScheduler<192, 128, 384, 128, 0, 1, 1, 1, 1, 1>>>>(T1::Params)",44.62,4.16,34.97,24.84,25.0,85.96,84.67,32.59
lfm2.5-8b-a1b,agent_prefill_b1,"void cutlass::device_kernel<flash::enable_sm90_or_later<flash::FlashAttnFwdSm90<flash::CollectiveMainloopFwdSm90<2, cute::tuple<cute::C<1>, cute::C<1>, cute::C<1>>, cute::tuple<cute::C<192>, cute::C<128>, cute::C<64>>, 64, cutlass::bfloat16_t, float, arch::Sm90, 1, 0, 0, 1, 1, 0, 0, 1, 1, 1, 0, 0, cutlass::bfloat16_t>, flash::CollectiveEpilogueFwd<cute::tuple<cute::C<192>, cute::C<64>, cute::C<128>>, cute::tuple<cute::C<1>, cute::C<1>, cute::C<1>>, cutlass::bfloat16_t, arch::Sm90, 384, 1, 1, 0, 0>, flash::VarlenDynamicPersistentTileScheduler<192, 128, 384, 128, 0, 1, 1, 1, 1, 1>>>>(T1::Params)",44.62,4.16,34.97,24.84,25.0,85.96,84.67,32.59
lfm2.5-8b-a1b,agent_prefill_b1,"void cutlass::device_kernel<flash::enable_sm90_or_later<flash::FlashAttnFwdSm90<flash::CollectiveMainloopFwdSm90<2, cute::tuple<cute::C<1>, cute::C<1>, cute::C<1>>, cute::tuple<cute::C<192>, cute::C<128>, cute::C<64>>, 64, cutlass::bfloat16_t, float, arch::Sm90, 1, 0, 0, 1, 1, 0, 0, 1, 1, 1, 0, 0, cutlass::bfloat16_t>, flash::CollectiveEpilogueFwd<cute::tuple<cute::C<192>, cute::C<64>, cute::C<128>>, cute::tuple<cute::C<1>, cute::C<1>, cute::C<1>>, cutlass::bfloat16_t, arch::Sm90, 384, 1, 1, 0, 0>, flash::VarlenDynamicPersistentTileScheduler<192, 128, 384, 128, 0, 1, 1, 1, 1, 1>>>>(T1::Params)",44.62,4.16,34.97,24.84,25.0,85.96,84.67,32.59
lfm2.5-8b-a1b,agent_prefill_b1,"void cutlass::device_kernel<flash::enable_sm90_or_later<flash::FlashAttnFwdSm90<flash::CollectiveMainloopFwdSm90<2, cute::tuple<cute::C<1>, cute::C<1>, cute::C<1>>, cute::tuple<cute::C<192>, cute::C<128>, cute::C<64>>, 64, cutlass::bfloat16_t, float, arch::Sm90, 1, 0, 0, 1, 1, 0, 0, 1, 1, 1, 0, 0, cutlass::bfloat16_t>, flash::CollectiveEpilogueFwd<cute::tuple<cute::C<192>, cute::C<64>, cute::C<128>>, cute::tuple<cute::C<1>, cute::C<1>, cute::C<1>>, cutlass::bfloat16_t, arch::Sm90, 384, 1, 1, 0, 0>, flash::VarlenDynamicPersistentTileScheduler<192, 128, 384, 128, 0, 1, 1, 1, 1, 1>>>>(T1::Params)",44.62,4.16,34.97,24.84,25.0,85.96,84.67,32.59
qwen3-30b-a3b-bf16,agent_decode_b32,"void norm::RMSNormKernel<8, __nv_bfloat16>(T2 *, T2 *, T2 *, unsigned int, unsigned int, unsigned int, float, float)",1.75,0.97,1.54,12.21,100.0,54.15,3.17,1.5
qwen3-30b-a3b-bf16,agent_decode_b32,"void norm::RMSNormKernel<8, __nv_bfloat16>(T2 *, T2 *, T2 *, unsigned int, unsigned int, unsigned int, float, float)",1.75,0.97,1.54,12.21,100.0,54.15,3.17,1.5
qwen3-30b-a3b-bf16,agent_decode_b32,"void norm::RMSNormKernel<8, __nv_bfloat16>(T2 *, T2 *, T2 *, unsigned int, unsigned int, unsigned int, float, float)",1.75,0.97,1.54,12.21,100.0,54.15,3.17,1.5
qwen3-30b-a3b-bf16,agent_decode_b32,"void norm::RMSNormKernel<8, __nv_bfloat16>(T2 *, T2 *, T2 *, unsigned int, unsigned int, unsigned int, float, float)",1.75,0.97,1.54,12.21,100.0,54.15,3.17,1.5
qwen3-30b-a3b-bf16,agent_decode_b32,nvjet_tst_64x32_64x16_4x1_v_bz_TNT,7.82,49.11,49.11,14.25,18.75,10.52,8.99,49.11
qwen3-30b-a3b-bf16,agent_decode_b32,nvjet_tst_64x32_64x16_4x1_v_bz_TNT,7.82,49.11,49.11,14.25,18.75,10.52,8.99,49.11
qwen3-30b-a3b-bf16,agent_decode_b32,nvjet_tst_64x32_64x16_4x1_v_bz_TNT,7.82,49.11,49.11,14.25,18.75,10.52,8.99,49.11
qwen3-30b-a3b-bf16,agent_decode_b32,nvjet_tst_64x32_64x16_4x1_v_bz_TNT,7.82,49.11,49.11,14.25,18.75,10.52,8.99,49.11
qwen3-30b-a3b-bf16,agent_decode_b32,"void flashinfer::BatchQKApplyRotaryPosIdsCosSinCacheEnhancedHeadParallelismKernel<1, 0, 128, 8, 16, __nv_bfloat16, long>(T6 *, T6 *, T6 *, T6 *, T6 *, T6 *, T6 *, float *, T7 *, unsigned int, unsigned int, unsigned int, unsigned int, unsigned long, unsigned long, unsigned long, unsigned long, unsigned long, unsigned long, unsigned long, unsigned long, unsigned long, unsigned long, unsigned long, unsigned long, unsigned long, unsigned long, T7 *)",2.72,1.84,2.9,6.79,62.5,60.78,3.81,2.87
qwen3-30b-a3b-bf16,agent_decode_b32,"void flashinfer::BatchQKApplyRotaryPosIdsCosSinCacheEnhancedHeadParallelismKernel<1, 0, 128, 8, 16, __nv_bfloat16, long>(T6 *, T6 *, T6 *, T6 *, T6 *, T6 *, T6 *, float *, T7 *, unsigned int, unsigned int, unsigned int, unsigned int, unsigned long, unsigned long, unsigned long, unsigned long, unsigned long, unsigned long, unsigned long, unsigned long, unsigned long, unsigned long, unsigned long, unsigned long, unsigned long, unsigned long, T7 *)",2.72,1.84,2.9,6.79,62.5,60.78,3.81,2.87
qwen3-30b-a3b-bf16,agent_decode_b32,"void flashinfer::BatchQKApplyRotaryPosIdsCosSinCacheEnhancedHeadParallelismKernel<1, 0, 128, 8, 16, __nv_bfloat16, long>(T6 *, T6 *, T6 *, T6 *, T6 *, T6 *, T6 *, float *, T7 *, unsigned int, unsigned int, unsigned int, unsigned int, unsigned long, unsigned long, unsigned long, unsigned long, unsigned long, unsigned long, unsigned long, unsigned long, unsigned long, unsigned long, unsigned long, unsigned long, unsigned long, unsigned long, T7 *)",2.72,1.84,2.9,6.79,62.5,60.78,3.81,2.87
qwen3-30b-a3b-bf16,agent_decode_b32,"void flashinfer::BatchQKApplyRotaryPosIdsCosSinCacheEnhancedHeadParallelismKernel<1, 0, 128, 8, 16, __nv_bfloat16, long>(T6 *, T6 *, T6 *, T6 *, T6 *, T6 *, T6 *, float *, T7 *, unsigned int, unsigned int, unsigned int, unsigned int, unsigned long, unsigned long, unsigned long, unsigned long, unsigned long, unsigned long, unsigned long, unsigned long, unsigned long, unsigned long, unsigned long, unsigned long, unsigned long, unsigned long, T7 *)",2.72,1.84,2.9,6.79,62.5,60.78,3.81,2.87
qwen3-30b-a3b-bf16,agent_decode_b32,"void flash::prepare_varlen_num_blocks_kernel<2, 1>(int, int, int, const int *, const int *, const int *, const int *, const int *, const int *, int, int, int, int, int, cutlass::FastDivmod, cutlass::FastDivmod, int *, int *, int *, int *, int *, bool, bool, bool, int)",0.02,0.03,0.25,3.33,100.0,45.91,6.05,0.25
qwen3-30b-a3b-bf16,agent_decode_b32,"void flash::prepare_varlen_num_blocks_kernel<2, 1>(int, int, int, const int *, const int *, const int *, const int *, const int *, const int *, int, int, int, int, int, cutlass::FastDivmod, cutlass::FastDivmod, int *, int *, int *, int *, int *, bool, bool, bool, int)",0.02,0.03,0.25,3.33,100.0,45.91,6.05,0.25
qwen3-30b-a3b-bf16,agent_decode_b32,"void flash::prepare_varlen_num_blocks_kernel<2, 1>(int, int, int, const int *, const int *, const int *, const int *, const int *, const int *, int, int, int, int, int, cutlass::FastDivmod, cutlass::FastDivmod, int *, int *, int *, int *, int *, bool, bool, bool, int)",0.02,0.03,0.25,3.33,100.0,45.91,6.05,0.25
qwen3-30b-a3b-bf16,agent_decode_b32,"void flash::prepare_varlen_num_blocks_kernel<2, 1>(int, int, int, const int *, const int *, const int *, const int *, const int *, const int *, int, int, int, int, int, cutlass::FastDivmod, cutlass::FastDivmod, int *, int *, int *, int *, int *, bool, bool, bool, int)",0.02,0.03,0.25,3.33,100.0,45.91,6.05,0.25
qwen3-30b-a3b-bf16,agent_decode_b32,"void cutlass::device_kernel<flash::enable_sm90_or_later<flash::FlashAttnFwdSm90<flash::CollectiveMainloopFwdSm90<2, cute::tuple<cute::C<1>, cute::C<1>, cute::C<1>>, cute::tuple<cute::C<128>, cute::C<128>, cute::C<128>>, 128, cutlass::bfloat16_t, float, arch::Sm90, 1, 0, 0, 1, 1, 0, 0, 1, 1, 1, 1, 0, cutlass::bfloat16_t>, flash::CollectiveEpilogueFwd<cute::tuple<cute::C<128>, cute::C<128>, cute::C<128>>, cute::tuple<cute::C<1>, cute::C<1>, cute::C<1>>, cutlass::bfloat16_t, arch::Sm90, 256, 1, 1, 1, 0>, flash::VarlenDynamicPersistentTileScheduler<128, 128, 256, 128, 1, 1, 1, 1, 1, 1>>>>(T1::Params)",46.58,71.87,71.87,18.53,18.75,1.28,52.54,71.87
qwen3-30b-a3b-bf16,agent_decode_b32,"void cutlass::device_kernel<flash::enable_sm90_or_later<flash::FlashAttnFwdSm90<flash::CollectiveMainloopFwdSm90<2, cute::tuple<cute::C<1>, cute::C<1>, cute::C<1>>, cute::tuple<cute::C<128>, cute::C<128>, cute::C<128>>, 128, cutlass::bfloat16_t, float, arch::Sm90, 1, 0, 0, 1, 1, 0, 0, 1, 1, 1, 1, 0, cutlass::bfloat16_t>, flash::CollectiveEpilogueFwd<cute::tuple<cute::C<128>, cute::C<128>, cute::C<128>>, cute::tuple<cute::C<1>, cute::C<1>, cute::C<1>>, cutlass::bfloat16_t, arch::Sm90, 256, 1, 1, 1, 0>, flash::VarlenDynamicPersistentTileScheduler<128, 128, 256, 128, 1, 1, 1, 1, 1, 1>>>>(T1::Params)",46.58,71.87,71.87,18.53,18.75,1.28,52.54,71.87
qwen3-30b-a3b-bf16,agent_decode_b32,"void cutlass::device_kernel<flash::enable_sm90_or_later<flash::FlashAttnFwdSm90<flash::CollectiveMainloopFwdSm90<2, cute::tuple<cute::C<1>, cute::C<1>, cute::C<1>>, cute::tuple<cute::C<128>, cute::C<128>, cute::C<128>>, 128, cutlass::bfloat16_t, float, arch::Sm90, 1, 0, 0, 1, 1, 0, 0, 1, 1, 1, 1, 0, cutlass::bfloat16_t>, flash::CollectiveEpilogueFwd<cute::tuple<cute::C<128>, cute::C<128>, cute::C<128>>, cute::tuple<cute::C<1>, cute::C<1>, cute::C<1>>, cutlass::bfloat16_t, arch::Sm90, 256, 1, 1, 1, 0>, flash::VarlenDynamicPersistentTileScheduler<128, 128, 256, 128, 1, 1, 1, 1, 1, 1>>>>(T1::Params)",46.58,71.87,71.87,18.53,18.75,1.28,52.54,71.87
qwen3-30b-a3b-bf16,agent_decode_b32,"void cutlass::device_kernel<flash::enable_sm90_or_later<flash::FlashAttnFwdSm90<flash::CollectiveMainloopFwdSm90<2, cute::tuple<cute::C<1>, cute::C<1>, cute::C<1>>, cute::tuple<cute::C<128>, cute::C<128>, cute::C<128>>, 128, cutlass::bfloat16_t, float, arch::Sm90, 1, 0, 0, 1, 1, 0, 0, 1, 1, 1, 1, 0, cutlass::bfloat16_t>, flash::CollectiveEpilogueFwd<cute::tuple<cute::C<128>, cute::C<128>, cute::C<128>>, cute::tuple<cute::C<1>, cute::C<1>, cute::C<1>>, cutlass::bfloat16_t, arch::Sm90, 256, 1, 1, 1, 0>, flash::VarlenDynamicPersistentTileScheduler<128, 128, 256, 128, 1, 1, 1, 1, 1, 1>>>>(T1::Params)",46.58,71.87,71.87,18.53,18.75,1.28,52.54,71.87
qwen3-30b-a3b-bf16,agent_decode_b32,"void cutlass::device_kernel<flash::FlashAttnFwdCombine<cute::tuple<cute::C<8>, cute::C<128>>, 5, 256, 1, 0, 1, cutlass::bfloat16_t, float, arch::Sm90>>(T1::Params)",4.51,0.12,0.67,13.49,62.5,59.98,2.46,0.64
qwen3-30b-a3b-bf16,agent_decode_b32,"void cutlass::device_kernel<flash::FlashAttnFwdCombine<cute::tuple<cute::C<8>, cute::C<128>>, 5, 256, 1, 0, 1, cutlass::bfloat16_t, float, arch::Sm90>>(T1::Params)",4.51,0.12,0.67,13.49,62.5,59.98,2.46,0.64
qwen3-30b-a3b-bf16,agent_decode_b32,"void cutlass::device_kernel<flash::FlashAttnFwdCombine<cute::tuple<cute::C<8>, cute::C<128>>, 5, 256, 1, 0, 1, cutlass::bfloat16_t, float, arch::Sm90>>(T1::Params)",4.51,0.12,0.67,13.49,62.5,59.98,2.46,0.64
qwen3-30b-a3b-bf16,agent_decode_b32,"void cutlass::device_kernel<flash::FlashAttnFwdCombine<cute::tuple<cute::C<8>, cute::C<128>>, 5, 256, 1, 0, 1, cutlass::bfloat16_t, float, arch::Sm90>>(T1::Params)",4.51,0.12,0.67,13.49,62.5,59.98,2.46,0.64
qwen3-30b-a3b-bf16,agent_decode_b32,nvjet_tst_64x32_64x16_4x1_v_bz_splitK_TNT,7.45,39.28,39.28,14.39,18.75,13.49,9.06,39.28
qwen3-30b-a3b-bf16,agent_decode_b32,nvjet_tst_64x32_64x16_4x1_v_bz_splitK_TNT,7.45,39.28,39.28,14.39,18.75,13.49,9.06,39.28
qwen3-30b-a3b-bf16,agent_decode_b32,nvjet_tst_64x32_64x16_4x1_v_bz_splitK_TNT,7.45,39.28,39.28,14.39,18.75,13.49,9.06,39.28
qwen3-30b-a3b-bf16,agent_decode_b32,nvjet_tst_64x32_64x16_4x1_v_bz_splitK_TNT,7.45,39.28,39.28,14.39,18.75,13.49,9.06,39.28
qwen3-30b-a3b-bf16,agent_decode_b32,"void norm::FusedAddRMSNormKernel<8, __nv_bfloat16>(T2 *, T2 *, T2 *, unsigned int, unsigned int, unsigned int, float, float)",1.56,1.39,1.89,12.16,100.0,55.64,4.19,1.89
qwen3-30b-a3b-bf16,agent_decode_b32,"void norm::FusedAddRMSNormKernel<8, __nv_bfloat16>(T2 *, T2 *, T2 *, unsigned int, unsigned int, unsigned int, float, float)",1.56,1.39,1.89,12.16,100.0,55.64,4.19,1.89
qwen3-30b-a3b-bf16,agent_decode_b32,"void norm::FusedAddRMSNormKernel<8, __nv_bfloat16>(T2 *, T2 *, T2 *, unsigned int, unsigned int, unsigned int, float, float)",1.56,1.39,1.89,12.16,100.0,55.64,4.19,1.89
qwen3-30b-a3b-bf16,agent_decode_b32,"void norm::FusedAddRMSNormKernel<8, __nv_bfloat16>(T2 *, T2 *, T2 *, unsigned int, unsigned int, unsigned int, float, float)",1.56,1.39,1.89,12.16,100.0,55.64,4.19,1.89
qwen3-30b-a3b-bf16,agent_decode_b32,nvjet_tst_64x8_64x16_2x4_v_bz_TNT,0.94,2.03,2.03,13.95,18.75,17.36,6.94,2.03
qwen3-30b-a3b-bf16,agent_decode_b32,nvjet_tst_64x8_64x16_2x4_v_bz_TNT,0.94,2.03,2.03,13.95,18.75,17.36,6.94,2.03
qwen3-30b-a3b-bf16,agent_decode_b32,nvjet_tst_64x8_64x16_2x4_v_bz_TNT,0.94,2.03,2.03,13.95,18.75,17.36,6.94,2.03
qwen3-30b-a3b-bf16,agent_decode_b32,nvjet_tst_64x8_64x16_2x4_v_bz_TNT,0.94,2.03,2.03,13.95,18.75,17.36,6.94,2.03
qwen3-30b-a3b-bf16,agent_decode_b32,"void topkGatingSoftmax<__nv_bfloat16, 8, 128, 4, 16>(const T1 *, const bool *, float *, int, int *, int, int, int, bool, float, const float *)",0.34,0.07,0.33,6.14,100.0,54.0,5.7,0.33
qwen3-30b-a3b-bf16,agent_decode_b32,"void topkGatingSoftmax<__nv_bfloat16, 8, 128, 4, 16>(const T1 *, const bool *, float *, int, int *, int, int, int, bool, float, const float *)",0.34,0.07,0.33,6.14,100.0,54.0,5.7,0.33
qwen3-30b-a3b-bf16,agent_decode_b32,"void topkGatingSoftmax<__nv_bfloat16, 8, 128, 4, 16>(const T1 *, const bool *, float *, int, int *, int, int, int, bool, float, const float *)",0.34,0.07,0.33,6.14,100.0,54.0,5.7,0.33
qwen3-30b-a3b-bf16,agent_decode_b32,"void topkGatingSoftmax<__nv_bfloat16, 8, 128, 4, 16>(const T1 *, const bool *, float *, int, int *, int, int, int, bool, float, const float *)",0.34,0.07,0.33,6.14,100.0,54.0,5.7,0.33
qwen3-30b-a3b-bf16,agent_decode_b32,fused_moe_kernel,16.1,75.27,75.27,37.19,50.0,9.69,47.81,75.27
qwen3-30b-a3b-bf16,agent_decode_b32,fused_moe_kernel,16.1,75.27,75.27,37.19,50.0,9.69,47.81,75.27
qwen3-30b-a3b-bf16,agent_decode_b32,fused_moe_kernel,16.1,75.27,75.27,37.19,50.0,9.69,47.81,75.27
qwen3-30b-a3b-bf16,agent_decode_b32,fused_moe_kernel,16.1,75.27,75.27,37.19,50.0,9.69,47.81,75.27
qwen3-30b-a3b-bf16,agent_decode_b32,"void activation::act_and_mul_kernel<__nv_bfloat16, &silu<float>>(T1 *, const T1 *, int)",3.59,4.93,4.93,8.89,98.44,40.53,3.39,4.93
qwen3-30b-a3b-bf16,agent_decode_b32,"void activation::act_and_mul_kernel<__nv_bfloat16, &silu<float>>(T1 *, const T1 *, int)",3.59,4.93,4.93,8.89,98.44,40.53,3.39,4.93
qwen3-30b-a3b-bf16,agent_decode_b32,"void activation::act_and_mul_kernel<__nv_bfloat16, &silu<float>>(T1 *, const T1 *, int)",3.59,4.93,4.93,8.89,98.44,40.53,3.39,4.93
qwen3-30b-a3b-bf16,agent_decode_b32,"void activation::act_and_mul_kernel<__nv_bfloat16, &silu<float>>(T1 *, const T1 *, int)",3.59,4.93,4.93,8.89,98.44,40.53,3.39,4.93
qwen3-30b-a3b-bf16,agent_decode_b64,"void norm::RMSNormKernel<8, __nv_bfloat16>(T2 *, T2 *, T2 *, unsigned int, unsigned int, unsigned int, float, float)",3.49,1.83,2.74,11.8,100.0,56.8,3.2,2.74
qwen3-30b-a3b-bf16,agent_decode_b64,"void norm::RMSNormKernel<8, __nv_bfloat16>(T2 *, T2 *, T2 *, unsigned int, unsigned int, unsigned int, float, float)",3.49,1.83,2.74,11.8,100.0,56.8,3.2,2.74
qwen3-30b-a3b-bf16,agent_decode_b64,"void norm::RMSNormKernel<8, __nv_bfloat16>(T2 *, T2 *, T2 *, unsigned int, unsigned int, unsigned int, float, float)",3.49,1.83,2.74,11.8,100.0,56.8,3.2,2.74
qwen3-30b-a3b-bf16,agent_decode_b64,"void norm::RMSNormKernel<8, __nv_bfloat16>(T2 *, T2 *, T2 *, unsigned int, unsigned int, unsigned int, float, float)",3.49,1.83,2.74,11.8,100.0,56.8,3.2,2.74
qwen3-30b-a3b-bf16,agent_decode_b64,nvjet_tst_56x64_64x14_4x1_v_bz_TNN,15.76,50.34,50.34,14.1,18.75,19.27,8.83,50.34
qwen3-30b-a3b-bf16,agent_decode_b64,nvjet_tst_56x64_64x14_4x1_v_bz_TNN,15.76,50.34,50.34,14.1,18.75,19.27,8.83,50.34
qwen3-30b-a3b-bf16,agent_decode_b64,nvjet_tst_56x64_64x14_4x1_v_bz_TNN,15.76,50.34,50.34,14.1,18.75,19.27,8.83,50.34
qwen3-30b-a3b-bf16,agent_decode_b64,nvjet_tst_56x64_64x14_4x1_v_bz_TNN,15.76,50.34,50.34,14.1,18.75,19.27,8.83,50.34
qwen3-30b-a3b-bf16,agent_decode_b64,"void flashinfer::BatchQKApplyRotaryPosIdsCosSinCacheEnhancedHeadParallelismKernel<1, 0, 128, 8, 16, __nv_bfloat16, long>(T6 *, T6 *, T6 *, T6 *, T6 *, T6 *, T6 *, float *, T7 *, unsigned int, unsigned int, unsigned int, unsigned int, unsigned long, unsigned long, unsigned long, unsigned long, unsigned long, unsigned long, unsigned long, unsigned long, unsigned long, unsigned long, unsigned long, unsigned long, unsigned long, unsigned long, T7 *)",5.18,3.52,5.65,14.6,62.5,58.27,3.94,5.13
qwen3-30b-a3b-bf16,agent_decode_b64,"void flashinfer::BatchQKApplyRotaryPosIdsCosSinCacheEnhancedHeadParallelismKernel<1, 0, 128, 8, 16, __nv_bfloat16, long>(T6 *, T6 *, T6 *, T6 *, T6 *, T6 *, T6 *, float *, T7 *, unsigned int, unsigned int, unsigned int, unsigned int, unsigned long, unsigned long, unsigned long, unsigned long, unsigned long, unsigned long, unsigned long, unsigned long, unsigned long, unsigned long, unsigned long, unsigned long, unsigned long, unsigned long, T7 *)",5.18,3.52,5.65,14.6,62.5,58.27,3.94,5.13
qwen3-30b-a3b-bf16,agent_decode_b64,"void flashinfer::BatchQKApplyRotaryPosIdsCosSinCacheEnhancedHeadParallelismKernel<1, 0, 128, 8, 16, __nv_bfloat16, long>(T6 *, T6 *, T6 *, T6 *, T6 *, T6 *, T6 *, float *, T7 *, unsigned int, unsigned int, unsigned int, unsigned int, unsigned long, unsigned long, unsigned long, unsigned long, unsigned long, unsigned long, unsigned long, unsigned long, unsigned long, unsigned long, unsigned long, unsigned long, unsigned long, unsigned long, T7 *)",5.18,3.52,5.65,14.6,62.5,58.27,3.94,5.13
qwen3-30b-a3b-bf16,agent_decode_b64,"void flashinfer::BatchQKApplyRotaryPosIdsCosSinCacheEnhancedHeadParallelismKernel<1, 0, 128, 8, 16, __nv_bfloat16, long>(T6 *, T6 *, T6 *, T6 *, T6 *, T6 *, T6 *, float *, T7 *, unsigned int, unsigned int, unsigned int, unsigned int, unsigned long, unsigned long, unsigned long, unsigned long, unsigned long, unsigned long, unsigned long, unsigned long, unsigned long, unsigned long, unsigned long, unsigned long, unsigned long, unsigned long, T7 *)",5.18,3.52,5.65,14.6,62.5,58.27,3.94,5.13
qwen3-30b-a3b-bf16,agent_decode_b64,"void flash::prepare_varlen_num_blocks_kernel<4, 1>(int, int, int, const int *, const int *, const int *, const int *, const int *, const int *, int, int, int, int, int, cutlass::FastDivmod, cutlass::FastDivmod, int *, int *, int *, int *, int *, bool, bool, bool, int)",0.05,0.03,0.2,6.44,100.0,47.62,6.08,0.15
qwen3-30b-a3b-bf16,agent_decode_b64,"void flash::prepare_varlen_num_blocks_kernel<4, 1>(int, int, int, const int *, const int *, const int *, const int *, const int *, const int *, int, int, int, int, int, cutlass::FastDivmod, cutlass::FastDivmod, int *, int *, int *, int *, int *, bool, bool, bool, int)",0.05,0.03,0.2,6.44,100.0,47.62,6.08,0.15
qwen3-30b-a3b-bf16,agent_decode_b64,"void flash::prepare_varlen_num_blocks_kernel<4, 1>(int, int, int, const int *, const int *, const int *, const int *, const int *, const int *, int, int, int, int, int, cutlass::FastDivmod, cutlass::FastDivmod, int *, int *, int *, int *, int *, bool, bool, bool, int)",0.05,0.03,0.2,6.44,100.0,47.62,6.08,0.15
qwen3-30b-a3b-bf16,agent_decode_b64,"void flash::prepare_varlen_num_blocks_kernel<4, 1>(int, int, int, const int *, const int *, const int *, const int *, const int *, const int *, int, int, int, int, int, cutlass::FastDivmod, cutlass::FastDivmod, int *, int *, int *, int *, int *, bool, bool, bool, int)",0.05,0.03,0.2,6.44,100.0,47.62,6.08,0.15
qwen3-30b-a3b-bf16,agent_decode_b64,"void cutlass::device_kernel<flash::enable_sm90_or_later<flash::FlashAttnFwdSm90<flash::CollectiveMainloopFwdSm90<2, cute::tuple<cute::C<1>, cute::C<1>, cute::C<1>>, cute::tuple<cute::C<128>, cute::C<128>, cute::C<128>>, 128, cutlass::bfloat16_t, float, arch::Sm90, 1, 0, 0, 1, 1, 0, 0, 1, 1, 1, 1, 0, cutlass::bfloat16_t>, flash::CollectiveEpilogueFwd<cute::tuple<cute::C<128>, cute::C<128>, cute::C<128>>, cute::tuple<cute::C<1>, cute::C<1>, cute::C<1>>, cutlass::bfloat16_t, arch::Sm90, 256, 1, 1, 1, 0>, flash::VarlenDynamicPersistentTileScheduler<128, 128, 256, 128, 1, 1, 1, 1, 1, 1>>>>(T1::Params)",52.26,75.84,75.84,18.87,18.75,2.56,98.82,75.84
qwen3-30b-a3b-bf16,agent_decode_b64,"void cutlass::device_kernel<flash::enable_sm90_or_later<flash::FlashAttnFwdSm90<flash::CollectiveMainloopFwdSm90<2, cute::tuple<cute::C<1>, cute::C<1>, cute::C<1>>, cute::tuple<cute::C<128>, cute::C<128>, cute::C<128>>, 128, cutlass::bfloat16_t, float, arch::Sm90, 1, 0, 0, 1, 1, 0, 0, 1, 1, 1, 1, 0, cutlass::bfloat16_t>, flash::CollectiveEpilogueFwd<cute::tuple<cute::C<128>, cute::C<128>, cute::C<128>>, cute::tuple<cute::C<1>, cute::C<1>, cute::C<1>>, cutlass::bfloat16_t, arch::Sm90, 256, 1, 1, 1, 0>, flash::VarlenDynamicPersistentTileScheduler<128, 128, 256, 128, 1, 1, 1, 1, 1, 1>>>>(T1::Params)",52.26,75.84,75.84,18.87,18.75,2.56,98.82,75.84
qwen3-30b-a3b-bf16,agent_decode_b64,"void cutlass::device_kernel<flash::enable_sm90_or_later<flash::FlashAttnFwdSm90<flash::CollectiveMainloopFwdSm90<2, cute::tuple<cute::C<1>, cute::C<1>, cute::C<1>>, cute::tuple<cute::C<128>, cute::C<128>, cute::C<128>>, 128, cutlass::bfloat16_t, float, arch::Sm90, 1, 0, 0, 1, 1, 0, 0, 1, 1, 1, 1, 0, cutlass::bfloat16_t>, flash::CollectiveEpilogueFwd<cute::tuple<cute::C<128>, cute::C<128>, cute::C<128>>, cute::tuple<cute::C<1>, cute::C<1>, cute::C<1>>, cutlass::bfloat16_t, arch::Sm90, 256, 1, 1, 1, 0>, flash::VarlenDynamicPersistentTileScheduler<128, 128, 256, 128, 1, 1, 1, 1, 1, 1>>>>(T1::Params)",52.26,75.84,75.84,18.87,18.75,2.56,98.82,75.84
qwen3-30b-a3b-bf16,agent_decode_b64,"void cutlass::device_kernel<flash::enable_sm90_or_later<flash::FlashAttnFwdSm90<flash::CollectiveMainloopFwdSm90<2, cute::tuple<cute::C<1>, cute::C<1>, cute::C<1>>, cute::tuple<cute::C<128>, cute::C<128>, cute::C<128>>, 128, cutlass::bfloat16_t, float, arch::Sm90, 1, 0, 0, 1, 1, 0, 0, 1, 1, 1, 1, 0, cutlass::bfloat16_t>, flash::CollectiveEpilogueFwd<cute::tuple<cute::C<128>, cute::C<128>, cute::C<128>>, cute::tuple<cute::C<1>, cute::C<1>, cute::C<1>>, cutlass::bfloat16_t, arch::Sm90, 256, 1, 1, 1, 0>, flash::VarlenDynamicPersistentTileScheduler<128, 128, 256, 128, 1, 1, 1, 1, 1, 1>>>>(T1::Params)",52.26,75.84,75.84,18.87,18.75,2.56,98.82,75.84
qwen3-30b-a3b-bf16,agent_decode_b64,"void cutlass::device_kernel<flash::FlashAttnFwdCombine<cute::tuple<cute::C<8>, cute::C<128>>, 5, 256, 1, 0, 1, cutlass::bfloat16_t, float, arch::Sm90>>(T1::Params)",9.02,0.12,1.29,26.69,62.5,65.42,2.5,1.29
qwen3-30b-a3b-bf16,agent_decode_b64,"void cutlass::device_kernel<flash::FlashAttnFwdCombine<cute::tuple<cute::C<8>, cute::C<128>>, 5, 256, 1, 0, 1, cutlass::bfloat16_t, float, arch::Sm90>>(T1::Params)",9.02,0.12,1.29,26.69,62.5,65.42,2.5,1.29
qwen3-30b-a3b-bf16,agent_decode_b64,"void cutlass::device_kernel<flash::FlashAttnFwdCombine<cute::tuple<cute::C<8>, cute::C<128>>, 5, 256, 1, 0, 1, cutlass::bfloat16_t, float, arch::Sm90>>(T1::Params)",9.02,0.12,1.29,26.69,62.5,65.42,2.5,1.29
qwen3-30b-a3b-bf16,agent_decode_b64,"void cutlass::device_kernel<flash::FlashAttnFwdCombine<cute::tuple<cute::C<8>, cute::C<128>>, 5, 256, 1, 0, 1, cutlass::bfloat16_t, float, arch::Sm90>>(T1::Params)",9.02,0.12,1.29,26.69,62.5,65.42,2.5,1.29
qwen3-30b-a3b-bf16,agent_decode_b64,nvjet_tst_64x64_64x13_4x1_v_bz_splitK_TNT,11.93,38.7,38.7,14.07,18.75,21.33,9.34,38.7
qwen3-30b-a3b-bf16,agent_decode_b64,nvjet_tst_64x64_64x13_4x1_v_bz_splitK_TNT,11.93,38.7,38.7,14.07,18.75,21.33,9.34,38.7
qwen3-30b-a3b-bf16,agent_decode_b64,nvjet_tst_64x64_64x13_4x1_v_bz_splitK_TNT,11.93,38.7,38.7,14.07,18.75,21.33,9.34,38.7
qwen3-30b-a3b-bf16,agent_decode_b64,nvjet_tst_64x64_64x13_4x1_v_bz_splitK_TNT,11.93,38.7,38.7,14.07,18.75,21.33,9.34,38.7
qwen3-30b-a3b-bf16,agent_decode_b64,"void norm::FusedAddRMSNormKernel<8, __nv_bfloat16>(T2 *, T2 *, T2 *, unsigned int, unsigned int, unsigned int, float, float)",3.16,2.73,3.65,12.95,100.0,56.42,4.16,3.65
qwen3-30b-a3b-bf16,agent_decode_b64,"void norm::FusedAddRMSNormKernel<8, __nv_bfloat16>(T2 *, T2 *, T2 *, unsigned int, unsigned int, unsigned int, float, float)",3.16,2.73,3.65,12.95,100.0,56.42,4.16,3.65
qwen3-30b-a3b-bf16,agent_decode_b64,"void norm::FusedAddRMSNormKernel<8, __nv_bfloat16>(T2 *, T2 *, T2 *, unsigned int, unsigned int, unsigned int, float, float)",3.16,2.73,3.65,12.95,100.0,56.42,4.16,3.65
qwen3-30b-a3b-bf16,agent_decode_b64,"void norm::FusedAddRMSNormKernel<8, __nv_bfloat16>(T2 *, T2 *, T2 *, unsigned int, unsigned int, unsigned int, float, float)",3.16,2.73,3.65,12.95,100.0,56.42,4.16,3.65
qwen3-30b-a3b-bf16,agent_decode_b64,nvjet_tst_64x8_64x16_2x4_v_bz_TNT,1.85,2.38,2.51,13.86,18.75,33.84,7.04,2.38
qwen3-30b-a3b-bf16,agent_decode_b64,nvjet_tst_64x8_64x16_2x4_v_bz_TNT,1.85,2.38,2.51,13.86,18.75,33.84,7.04,2.38
qwen3-30b-a3b-bf16,agent_decode_b64,nvjet_tst_64x8_64x16_2x4_v_bz_TNT,1.85,2.38,2.51,13.86,18.75,33.84,7.04,2.38
qwen3-30b-a3b-bf16,agent_decode_b64,nvjet_tst_64x8_64x16_2x4_v_bz_TNT,1.85,2.38,2.51,13.86,18.75,33.84,7.04,2.38
qwen3-30b-a3b-bf16,agent_decode_b64,"void topkGatingSoftmax<__nv_bfloat16, 8, 128, 4, 16>(const T1 *, const bool *, float *, int, int *, int, int, int, bool, float, const float *)",0.65,0.09,0.4,5.92,100.0,61.36,5.92,0.4
qwen3-30b-a3b-bf16,agent_decode_b64,"void topkGatingSoftmax<__nv_bfloat16, 8, 128, 4, 16>(const T1 *, const bool *, float *, int, int *, int, int, int, bool, float, const float *)",0.65,0.09,0.4,5.92,100.0,61.36,5.92,0.4
qwen3-30b-a3b-bf16,agent_decode_b64,"void topkGatingSoftmax<__nv_bfloat16, 8, 128, 4, 16>(const T1 *, const bool *, float *, int, int *, int, int, int, bool, float, const float *)",0.65,0.09,0.4,5.92,100.0,61.36,5.92,0.4
qwen3-30b-a3b-bf16,agent_decode_b64,"void topkGatingSoftmax<__nv_bfloat16, 8, 128, 4, 16>(const T1 *, const bool *, float *, int, int *, int, int, int, bool, float, const float *)",0.65,0.09,0.4,5.92,100.0,61.36,5.92,0.4
qwen3-30b-a3b-bf16,agent_decode_b64,fused_moe_kernel,12.66,59.66,59.66,23.57,25.0,20.14,84.86,59.66
qwen3-30b-a3b-bf16,agent_decode_b64,fused_moe_kernel,12.66,59.66,59.66,23.57,25.0,20.14,84.86,59.66
qwen3-30b-a3b-bf16,agent_decode_b64,fused_moe_kernel,12.66,59.66,59.66,23.57,25.0,20.14,84.86,59.66
qwen3-30b-a3b-bf16,agent_decode_b64,fused_moe_kernel,12.66,59.66,59.66,23.57,25.0,20.14,84.86,59.66
qwen3-30b-a3b-bf16,agent_decode_b64,"void activation::act_and_mul_kernel<__nv_bfloat16, &silu<float>>(T1 *, const T1 *, int)",6.54,8.93,8.93,15.51,98.44,39.26,3.71,8.93
qwen3-30b-a3b-bf16,agent_decode_b64,"void activation::act_and_mul_kernel<__nv_bfloat16, &silu<float>>(T1 *, const T1 *, int)",6.54,8.93,8.93,15.51,98.44,39.26,3.71,8.93
qwen3-30b-a3b-bf16,agent_decode_b64,"void activation::act_and_mul_kernel<__nv_bfloat16, &silu<float>>(T1 *, const T1 *, int)",6.54,8.93,8.93,15.51,98.44,39.26,3.71,8.93
qwen3-30b-a3b-bf16,agent_decode_b64,"void activation::act_and_mul_kernel<__nv_bfloat16, &silu<float>>(T1 *, const T1 *, int)",6.54,8.93,8.93,15.51,98.44,39.26,3.71,8.93
qwen3-30b-a3b-bf16,agent_decode_b64,"void moe_sum_reduce_kernel<c10::BFloat16, 8>(const T1 *, T1 *, long, long, long, long, long, at::OpMathType<T1>::type)",10.96,10.78,10.78,39.16,100.0,21.82,4.06,10.78
qwen3-30b-a3b-bf16,agent_decode_b64,"void moe_sum_reduce_kernel<c10::BFloat16, 8>(const T1 *, T1 *, long, long, long, long, long, at::OpMathType<T1>::type)",10.96,10.78,10.78,39.16,100.0,21.82,4.06,10.78
qwen3-30b-a3b-bf16,agent_decode_b64,"void moe_sum_reduce_kernel<c10::BFloat16, 8>(const T1 *, T1 *, long, long, long, long, long, at::OpMathType<T1>::type)",10.96,10.78,10.78,39.16,100.0,21.82,4.06,10.78
qwen3-30b-a3b-bf16,agent_decode_b64,"void moe_sum_reduce_kernel<c10::BFloat16, 8>(const T1 *, T1 *, long, long, long, long, long, at::OpMathType<T1>::type)",10.96,10.78,10.78,39.16,100.0,21.82,4.06,10.78
qwen3-30b-a3b-bf16,agent_prefill_b1,"void norm::RMSNormKernel<8, __nv_bfloat16>(T2 *, T2 *, T2 *, unsigned int, unsigned int, unsigned int, float, float)",50.56,25.24,30.24,79.7,100.0,51.46,9.18,30.24
qwen3-30b-a3b-bf16,agent_prefill_b1,"void norm::RMSNormKernel<8, __nv_bfloat16>(T2 *, T2 *, T2 *, unsigned int, unsigned int, unsigned int, float, float)",50.56,25.24,30.24,79.7,100.0,51.46,9.18,30.24
qwen3-30b-a3b-bf16,agent_prefill_b1,"void norm::RMSNormKernel<8, __nv_bfloat16>(T2 *, T2 *, T2 *, unsigned int, unsigned int, unsigned int, float, float)",50.56,25.24,30.24,79.7,100.0,51.46,9.18,30.24
qwen3-30b-a3b-bf16,agent_prefill_b1,"void norm::RMSNormKernel<8, __nv_bfloat16>(T2 *, T2 *, T2 *, unsigned int, unsigned int, unsigned int, float, float)",50.56,25.24,30.24,79.7,100.0,51.46,9.18,30.24
qwen3-30b-a3b-bf16,agent_prefill_b1,nvjet_tst_128x208_64x5_2x1_v_bz_coopA_TNT,85.37,17.19,59.14,14.63,18.75,81.07,75.01,56.65
qwen3-30b-a3b-bf16,agent_prefill_b1,nvjet_tst_128x208_64x5_2x1_v_bz_coopA_TNT,85.37,17.19,59.14,14.63,18.75,81.07,75.01,56.65
qwen3-30b-a3b-bf16,agent_prefill_b1,nvjet_tst_128x208_64x5_2x1_v_bz_coopA_TNT,85.37,17.19,59.14,14.63,18.75,81.07,75.01,56.65
qwen3-30b-a3b-bf16,agent_prefill_b1,nvjet_tst_128x208_64x5_2x1_v_bz_coopA_TNT,85.37,17.19,59.14,14.63,18.75,81.07,75.01,56.65
qwen3-30b-a3b-bf16,agent_prefill_b1,"void flashinfer::BatchQKApplyRotaryPosIdsCosSinCacheEnhancedHeadParallelismKernel<1, 0, 128, 8, 16, __nv_bfloat16, long>(T6 *, T6 *, T6 *, T6 *, T6 *, T6 *, T6 *, float *, T7 *, unsigned int, unsigned int, unsigned int, unsigned int, unsigned long, unsigned long, unsigned long, unsigned long, unsigned long, unsigned long, unsigned long, unsigned long, unsigned long, unsigned long, unsigned long, unsigned long, unsigned long, unsigned long, T7 *)",40.75,34.92,52.75,40.28,62.5,67.55,20.03,45.98
qwen3-30b-a3b-bf16,agent_prefill_b1,"void flashinfer::BatchQKApplyRotaryPosIdsCosSinCacheEnhancedHeadParallelismKernel<1, 0, 128, 8, 16, __nv_bfloat16, long>(T6 *, T6 *, T6 *, T6 *, T6 *, T6 *, T6 *, float *, T7 *, unsigned int, unsigned int, unsigned int, unsigned int, unsigned long, unsigned long, unsigned long, unsigned long, unsigned long, unsigned long, unsigned long, unsigned long, unsigned long, unsigned long, unsigned long, unsigned long, unsigned long, unsigned long, T7 *)",40.75,34.92,52.75,40.28,62.5,67.55,20.03,45.98
qwen3-30b-a3b-bf16,agent_prefill_b1,"void flashinfer::BatchQKApplyRotaryPosIdsCosSinCacheEnhancedHeadParallelismKernel<1, 0, 128, 8, 16, __nv_bfloat16, long>(T6 *, T6 *, T6 *, T6 *, T6 *, T6 *, T6 *, float *, T7 *, unsigned int, unsigned int, unsigned int, unsigned int, unsigned long, unsigned long, unsigned long, unsigned long, unsigned long, unsigned long, unsigned long, unsigned long, unsigned long, unsigned long, unsigned long, unsigned long, unsigned long, unsigned long, T7 *)",40.75,34.92,52.75,40.28,62.5,67.55,20.03,45.98
qwen3-30b-a3b-bf16,agent_prefill_b1,"void flashinfer::BatchQKApplyRotaryPosIdsCosSinCacheEnhancedHeadParallelismKernel<1, 0, 128, 8, 16, __nv_bfloat16, long>(T6 *, T6 *, T6 *, T6 *, T6 *, T6 *, T6 *, float *, T7 *, unsigned int, unsigned int, unsigned int, unsigned int, unsigned long, unsigned long, unsigned long, unsigned long, unsigned long, unsigned long, unsigned long, unsigned long, unsigned long, unsigned long, unsigned long, unsigned long, unsigned long, unsigned long, T7 *)",40.75,34.92,52.75,40.28,62.5,67.55,20.03,45.98
qwen3-30b-a3b-bf16,agent_prefill_b1,"void flash::prepare_varlen_num_blocks_kernel<1, 1>(int, int, int, const int *, const int *, const int *, const int *, const int *, const int *, int, int, int, int, int, cutlass::FastDivmod, cutlass::FastDivmod, int *, int *, int *, int *, int *, bool, bool, bool, int)",0.01,0.05,0.3,1.56,50.0,51.77,5.25,0.3
qwen3-30b-a3b-bf16,agent_prefill_b1,"void flash::prepare_varlen_num_blocks_kernel<1, 1>(int, int, int, const int *, const int *, const int *, const int *, const int *, const int *, int, int, int, int, int, cutlass::FastDivmod, cutlass::FastDivmod, int *, int *, int *, int *, int *, bool, bool, bool, int)",0.01,0.05,0.3,1.56,50.0,51.77,5.25,0.3
qwen3-30b-a3b-bf16,agent_prefill_b1,"void flash::prepare_varlen_num_blocks_kernel<1, 1>(int, int, int, const int *, const int *, const int *, const int *, const int *, const int *, int, int, int, int, int, cutlass::FastDivmod, cutlass::FastDivmod, int *, int *, int *, int *, int *, bool, bool, bool, int)",0.01,0.05,0.3,1.56,50.0,51.77,5.25,0.3
qwen3-30b-a3b-bf16,agent_prefill_b1,"void flash::prepare_varlen_num_blocks_kernel<1, 1>(int, int, int, const int *, const int *, const int *, const int *, const int *, const int *, int, int, int, int, int, cutlass::FastDivmod, cutlass::FastDivmod, int *, int *, int *, int *, int *, bool, bool, bool, int)",0.01,0.05,0.3,1.56,50.0,51.77,5.25,0.3
qwen3-30b-a3b-bf16,agent_prefill_b1,"void cutlass::device_kernel<flash::enable_sm90_or_later<flash::FlashAttnFwdSm90<flash::CollectiveMainloopFwdSm90<2, cute::tuple<cute::C<1>, cute::C<1>, cute::C<1>>, cute::tuple<cute::C<128>, cute::C<128>, cute::C<128>>, 128, cutlass::bfloat16_t, float, arch::Sm90, 1, 0, 0, 1, 1, 0, 0, 1, 1, 1, 0, 0, cutlass::bfloat16_t>, flash::CollectiveEpilogueFwd<cute::tuple<cute::C<128>, cute::C<128>, cute::C<128>>, cute::tuple<cute::C<1>, cute::C<1>, cute::C<1>>, cutlass::bfloat16_t, arch::Sm90, 256, 1, 1, 0, 0>, flash::VarlenDynamicPersistentTileScheduler<128, 128, 256, 128, 0, 1, 1, 1, 1, 1>>>>(T1::Params)",56.68,5.67,44.49,18.81,18.75,88.8,120.77,41.72
qwen3-30b-a3b-bf16,agent_prefill_b1,"void cutlass::device_kernel<flash::enable_sm90_or_later<flash::FlashAttnFwdSm90<flash::CollectiveMainloopFwdSm90<2, cute::tuple<cute::C<1>, cute::C<1>, cute::C<1>>, cute::tuple<cute::C<128>, cute::C<128>, cute::C<128>>, 128, cutlass::bfloat16_t, float, arch::Sm90, 1, 0, 0, 1, 1, 0, 0, 1, 1, 1, 0, 0, cutlass::bfloat16_t>, flash::CollectiveEpilogueFwd<cute::tuple<cute::C<128>, cute::C<128>, cute::C<128>>, cute::tuple<cute::C<1>, cute::C<1>, cute::C<1>>, cutlass::bfloat16_t, arch::Sm90, 256, 1, 1, 0, 0>, flash::VarlenDynamicPersistentTileScheduler<128, 128, 256, 128, 0, 1, 1, 1, 1, 1>>>>(T1::Params)",56.68,5.67,44.49,18.81,18.75,88.8,120.77,41.72
qwen3-30b-a3b-bf16,agent_prefill_b1,"void cutlass::device_kernel<flash::enable_sm90_or_later<flash::FlashAttnFwdSm90<flash::CollectiveMainloopFwdSm90<2, cute::tuple<cute::C<1>, cute::C<1>, cute::C<1>>, cute::tuple<cute::C<128>, cute::C<128>, cute::C<128>>, 128, cutlass::bfloat16_t, float, arch::Sm90, 1, 0, 0, 1, 1, 0, 0, 1, 1, 1, 0, 0, cutlass::bfloat16_t>, flash::CollectiveEpilogueFwd<cute::tuple<cute::C<128>, cute::C<128>, cute::C<128>>, cute::tuple<cute::C<1>, cute::C<1>, cute::C<1>>, cutlass::bfloat16_t, arch::Sm90, 256, 1, 1, 0, 0>, flash::VarlenDynamicPersistentTileScheduler<128, 128, 256, 128, 0, 1, 1, 1, 1, 1>>>>(T1::Params)",56.68,5.67,44.49,18.81,18.75,88.8,120.77,41.72
qwen3-30b-a3b-bf16,agent_prefill_b1,"void cutlass::device_kernel<flash::enable_sm90_or_later<flash::FlashAttnFwdSm90<flash::CollectiveMainloopFwdSm90<2, cute::tuple<cute::C<1>, cute::C<1>, cute::C<1>>, cute::tuple<cute::C<128>, cute::C<128>, cute::C<128>>, 128, cutlass::bfloat16_t, float, arch::Sm90, 1, 0, 0, 1, 1, 0, 0, 1, 1, 1, 0, 0, cutlass::bfloat16_t>, flash::CollectiveEpilogueFwd<cute::tuple<cute::C<128>, cute::C<128>, cute::C<128>>, cute::tuple<cute::C<1>, cute::C<1>, cute::C<1>>, cutlass::bfloat16_t, arch::Sm90, 256, 1, 1, 0, 0>, flash::VarlenDynamicPersistentTileScheduler<128, 128, 256, 128, 0, 1, 1, 1, 1, 1>>>>(T1::Params)",56.68,5.67,44.49,18.81,18.75,88.8,120.77,41.72
qwen3-30b-a3b-bf16,agent_prefill_b1,nvjet_tst_176x128_64x5_1x2_h_bz_TNN,88.56,22.8,61.59,14.35,18.75,71.05,61.92,60.41
qwen3-30b-a3b-bf16,agent_prefill_b1,nvjet_tst_176x128_64x5_1x2_h_bz_TNN,88.56,22.8,61.59,14.35,18.75,71.05,61.92,60.41
qwen3-30b-a3b-bf16,agent_prefill_b1,nvjet_tst_176x128_64x5_1x2_h_bz_TNN,88.56,22.8,61.59,14.35,18.75,71.05,61.92,60.41
qwen3-30b-a3b-bf16,agent_prefill_b1,nvjet_tst_176x128_64x5_1x2_h_bz_TNN,88.56,22.8,61.59,14.35,18.75,71.05,61.92,60.41
qwen3-30b-a3b-bf16,agent_prefill_b1,"void norm::FusedAddRMSNormKernel<8, __nv_bfloat16>(T2 *, T2 *, T2 *, unsigned int, unsigned int, unsigned int, float, float)",37.5,37.33,39.87,85.68,100.0,51.37,14.5,37.33
qwen3-30b-a3b-bf16,agent_prefill_b1,"void norm::FusedAddRMSNormKernel<8, __nv_bfloat16>(T2 *, T2 *, T2 *, unsigned int, unsigned int, unsigned int, float, float)",37.5,37.33,39.87,85.68,100.0,51.37,14.5,37.33
qwen3-30b-a3b-bf16,agent_prefill_b1,"void norm::FusedAddRMSNormKernel<8, __nv_bfloat16>(T2 *, T2 *, T2 *, unsigned int, unsigned int, unsigned int, float, float)",37.5,37.33,39.87,85.68,100.0,51.37,14.5,37.33
qwen3-30b-a3b-bf16,agent_prefill_b1,"void norm::FusedAddRMSNormKernel<8, __nv_bfloat16>(T2 *, T2 *, T2 *, unsigned int, unsigned int, unsigned int, float, float)",37.5,37.33,39.87,85.68,100.0,51.37,14.5,37.33
qwen3-30b-a3b-bf16,agent_prefill_b1,nvjet_tst_64x64_64x13_2x4_h_bz_TNT,18.41,29.53,29.53,13.71,18.75,29.74,8.19,29.53
qwen3-30b-a3b-bf16,agent_prefill_b1,nvjet_tst_64x64_64x13_2x4_h_bz_TNT,18.41,29.53,29.53,13.71,18.75,29.74,8.19,29.53
qwen3-30b-a3b-bf16,agent_prefill_b1,nvjet_tst_64x64_64x13_2x4_h_bz_TNT,18.41,29.53,29.53,13.71,18.75,29.74,8.19,29.53
qwen3-30b-a3b-bf16,agent_prefill_b1,nvjet_tst_64x64_64x13_2x4_h_bz_TNT,18.41,29.53,29.53,13.71,18.75,29.74,8.19,29.53
qwen3-30b-a3b-bf16,agent_prefill_b1,"void topkGatingSoftmax<__nv_bfloat16, 8, 128, 4, 16>(const T1 *, const bool *, float *, int, int *, int, int, int, bool, float, const float *)",24.04,2.17,8.66,15.74,100.0,71.07,6.78,8.4
qwen3-30b-a3b-bf16,agent_prefill_b1,"void topkGatingSoftmax<__nv_bfloat16, 8, 128, 4, 16>(const T1 *, const bool *, float *, int, int *, int, int, int, bool, float, const float *)",24.04,2.17,8.66,15.74,100.0,71.07,6.78,8.4
qwen3-30b-a3b-bf16,agent_prefill_b1,"void topkGatingSoftmax<__nv_bfloat16, 8, 128, 4, 16>(const T1 *, const bool *, float *, int, int *, int, int, int, bool, float, const float *)",24.04,2.17,8.66,15.74,100.0,71.07,6.78,8.4
qwen3-30b-a3b-bf16,agent_prefill_b1,"void topkGatingSoftmax<__nv_bfloat16, 8, 128, 4, 16>(const T1 *, const bool *, float *, int, int *, int, int, int, bool, float, const float *)",24.04,2.17,8.66,15.74,100.0,71.07,6.78,8.4
qwen3-30b-a3b-bf16,agent_prefill_b1,fused_moe_kernel,66.55,60.19,60.19,12.46,12.5,40.13,324.64,60.19
qwen3-30b-a3b-bf16,agent_prefill_b1,fused_moe_kernel,66.55,60.19,60.19,12.46,12.5,40.13,324.64,60.19
qwen3-30b-a3b-bf16,agent_prefill_b1,fused_moe_kernel,66.55,60.19,60.19,12.46,12.5,40.13,324.64,60.19
qwen3-30b-a3b-bf16,agent_prefill_b1,fused_moe_kernel,66.55,60.19,60.19,12.46,12.5,40.13,324.64,60.19
qwen3-30b-a3b-bf16,agent_prefill_b1,"void activation::act_and_mul_kernel<__nv_bfloat16, &silu<float>>(T1 *, const T1 *, int)",33.12,62.32,62.32,49.65,98.44,34.65,29.34,62.32
qwen3-30b-a3b-bf16,agent_prefill_b1,"void activation::act_and_mul_kernel<__nv_bfloat16, &silu<float>>(T1 *, const T1 *, int)",33.12,62.32,62.32,49.65,98.44,34.65,29.34,62.32
qwen3-30b-a3b-bf16,agent_prefill_b1,"void activation::act_and_mul_kernel<__nv_bfloat16, &silu<float>>(T1 *, const T1 *, int)",33.12,62.32,62.32,49.65,98.44,34.65,29.34,62.32
qwen3-30b-a3b-bf16,agent_prefill_b1,"void activation::act_and_mul_kernel<__nv_bfloat16, &silu<float>>(T1 *, const T1 *, int)",33.12,62.32,62.32,49.65,98.44,34.65,29.34,62.32
qwen3-30b-a3b-bf16,agent_prefill_b1,"void moe_sum_reduce_warp_per_token_vec_kernel<8>(const c10::BFloat16 *, c10::BFloat16 *, long, long, long, long, long, long, float)",21.56,77.29,77.29,40.98,50.0,13.37,25.79,77.29
qwen3-30b-a3b-bf16,agent_prefill_b1,"void moe_sum_reduce_warp_per_token_vec_kernel<8>(const c10::BFloat16 *, c10::BFloat16 *, long, long, long, long, long, long, float)",21.56,77.29,77.29,40.98,50.0,13.37,25.79,77.29
qwen3-30b-a3b-bf16,agent_prefill_b1,"void moe_sum_reduce_warp_per_token_vec_kernel<8>(const c10::BFloat16 *, c10::BFloat16 *, long, long, long, long, long, long, float)",21.56,77.29,77.29,40.98,50.0,13.37,25.79,77.29
qwen3-30b-a3b-bf16,agent_prefill_b1,"void moe_sum_reduce_warp_per_token_vec_kernel<8>(const c10::BFloat16 *, c10::BFloat16 *, long, long, long, long, long, long, float)",21.56,77.29,77.29,40.98,50.0,13.37,25.79,77.29
